"outer_fold","class","params","mean_kappa","mean_acc","class_0","class_1"
0,"0_1","{'C': 1000, 'class_weight': 'balanced', 'gamma': 0.0001, 'probability': True, 'n_genes': 3000}",0.747660782265696,0.886862745098039,0,1
0,"0_10","{'C': 10, 'class_weight': None, 'gamma': 0.001, 'probability': True, 'n_genes': 2000}",0.893397134278492,0.976688124306326,0,10
0,"0_11","{'C': 10, 'class_weight': None, 'gamma': 'auto', 'probability': True, 'n_genes': 1000}",0.431943446330915,0.923234042553192,0,11
0,"0_12","{'C': 1, 'class_weight': 'balanced', 'gamma': 'scale', 'probability': True, 'n_genes': 1000}",0.645871884658373,0.893636597688236,0,12
0,"0_13","{'C': 1, 'class_weight': None, 'gamma': 0.001, 'probability': True, 'n_genes': 2000}",0.842636367615104,0.958697521905069,0,13
0,"0_14","{'C': 1, 'class_weight': None, 'gamma': 'scale', 'probability': True, 'n_genes': 2000}",0.830838891486111,0.958485190560662,0,14
0,"0_2","{'C': 0.1, 'class_weight': None, 'gamma': 'auto', 'probability': True, 'n_genes': 3000}",0.923712803866662,0.966800960233796,0,2
0,"0_3","{'C': 1, 'class_weight': 'balanced', 'gamma': 0.001, 'probability': True, 'n_genes': 3000}",0.91584081156978,0.957843818107382,0,3
0,"0_4","{'C': 1, 'class_weight': None, 'gamma': 'auto', 'probability': True, 'n_genes': 3000}",0.905638715906572,0.955203381410661,0,4
0,"0_5","{'C': 0.1, 'class_weight': None, 'gamma': 0.001, 'probability': True, 'n_genes': 1000}",0.703571046347695,0.899709860566085,0,5
0,"0_6","{'C': 0.1, 'class_weight': None, 'gamma': 'auto', 'probability': True, 'n_genes': 3000}",0.961975256423813,0.992078431372549,0,6
0,"0_7","{'C': 0.1, 'class_weight': 'balanced', 'gamma': 0.0001, 'probability': True, 'n_genes': 3000}",0.940790892549262,0.970430107526882,0,7
0,"0_8","{'C': 1000, 'class_weight': 'balanced', 'gamma': 0.0001, 'probability': True, 'n_genes': 2000}",0.796398895074839,0.90497425997426,0,8
0,"0_9","{'C': 100, 'class_weight': 'balanced', 'gamma': 0.0001, 'probability': True, 'n_genes': 2000}",0.89916805480605,0.965712822053619,0,9
0,"10_11","{'C': 1000, 'class_weight': None, 'gamma': 0.001, 'probability': True, 'n_genes': 1000}",0.756027911969941,0.883076923076923,10,11
0,"10_12","{'C': 100, 'class_weight': None, 'gamma': 0.0001, 'probability': True, 'n_genes': 3000}",0.902166608735952,0.952679738562091,10,12
0,"10_13","{'C': 1, 'class_weight': None, 'gamma': 0.01, 'probability': True, 'n_genes': 1000}",0.957303370786517,0.978947368421053,10,13
0,"10_14","{'C': 10, 'class_weight': 'balanced', 'gamma': 'auto', 'probability': True, 'n_genes': 2000}",0.952777777777778,0.976470588235294,10,14
0,"11_12","{'C': 1000, 'class_weight': 'balanced', 'gamma': 0.0001, 'probability': True, 'n_genes': 3000}",0.764739374498797,0.901309523809524,11,12
0,"11_13","{'C': 1, 'class_weight': None, 'gamma': 0.001, 'probability': True, 'n_genes': 2000}",0.75769292853878,0.896291208791209,11,13
0,"11_14","{'C': 1000, 'class_weight': 'balanced', 'gamma': 0.0001, 'probability': True, 'n_genes': 2000}",0.929919137466307,0.968484848484849,11,14
0,"12_13","{'C': 100, 'class_weight': 'balanced', 'gamma': 0.0001, 'probability': True, 'n_genes': 2000}",0.801269030175198,0.900600029485478,12,13
0,"12_14","{'C': 10, 'class_weight': 'balanced', 'gamma': 0.001, 'probability': True, 'n_genes': 1000}",0.888888888888889,0.944444444444444,12,14
0,"13_14","{'C': 1, 'class_weight': 'balanced', 'gamma': 'auto', 'probability': True, 'n_genes': 1000}",1,1,13,14
0,"1_10","{'C': 1, 'class_weight': 'balanced', 'gamma': 'auto', 'probability': True, 'n_genes': 1000}",0.965054688801288,0.987867647058824,1,10
0,"1_11","{'C': 100, 'class_weight': None, 'gamma': 0.0001, 'probability': True, 'n_genes': 3000}",0.922983981131792,0.979508978229779,1,11
0,"1_12","{'C': 10, 'class_weight': 'balanced', 'gamma': 0.001, 'probability': True, 'n_genes': 2000}",0.897742455072414,0.958792016806723,1,12
0,"1_13","{'C': 0.1, 'class_weight': None, 'gamma': 0.001, 'probability': True, 'n_genes': 1000}",0.952483088880859,0.981214421252372,1,13
0,"1_14","{'C': 1, 'class_weight': 'balanced', 'gamma': 0.001, 'probability': True, 'n_genes': 3000}",0.898735438796249,0.963044822034386,1,14
0,"1_2","{'C': 1, 'class_weight': 'balanced', 'gamma': 'auto', 'probability': True, 'n_genes': 1000}",0.911306093703621,0.955916519496538,1,2
0,"1_3","{'C': 10, 'class_weight': 'balanced', 'gamma': 0.001, 'probability': True, 'n_genes': 1000}",0.900191812438628,0.954407876776298,1,3
0,"1_4","{'C': 1000, 'class_weight': 'balanced', 'gamma': 'scale', 'probability': True, 'n_genes': 2000}",0.8130442979305,0.931733312106721,1,4
0,"1_5","{'C': 10, 'class_weight': None, 'gamma': 0.0001, 'probability': True, 'n_genes': 3000}",0.621417291814006,0.83794847479058,1,5
0,"1_6","{'C': 1, 'class_weight': 'balanced', 'gamma': 'auto', 'probability': True, 'n_genes': 1000}",0.958658834626763,0.987298387096774,1,6
0,"1_7","{'C': 10, 'class_weight': None, 'gamma': 0.0001, 'probability': True, 'n_genes': 3000}",0.940347510382266,0.973081081081081,1,7
0,"1_8","{'C': 1, 'class_weight': 'balanced', 'gamma': 0.0001, 'probability': True, 'n_genes': 2000}",0.905229044428034,0.952766555678875,1,8
0,"1_9","{'C': 100, 'class_weight': None, 'gamma': 0.0001, 'probability': True, 'n_genes': 3000}",0.851795767026332,0.936076087655035,1,9
0,"2_10","{'C': 10, 'class_weight': None, 'gamma': 'auto', 'probability': True, 'n_genes': 2000}",0.965630192262046,0.986405529953917,2,10
0,"2_11","{'C': 1, 'class_weight': 'balanced', 'gamma': 'auto', 'probability': True, 'n_genes': 3000}",0.977215189873418,0.992592592592593,2,11
0,"2_12","{'C': 1, 'class_weight': 'balanced', 'gamma': 0.0001, 'probability': True, 'n_genes': 1000}",0.927978048876361,0.968346774193548,2,12
0,"2_13","{'C': 1, 'class_weight': 'balanced', 'gamma': 'auto', 'probability': True, 'n_genes': 1000}",0.971455557152537,0.987298387096774,2,13
0,"2_14","{'C': 0.1, 'class_weight': 'balanced', 'gamma': 'auto', 'probability': True, 'n_genes': 3000}",0.918054717912166,0.965714285714286,2,14
0,"2_3","{'C': 0.1, 'class_weight': None, 'gamma': 'auto', 'probability': True, 'n_genes': 3000}",0.959283628111064,0.983171430988332,2,3
0,"2_4","{'C': 10, 'class_weight': 'balanced', 'gamma': 0.001, 'probability': True, 'n_genes': 1000}",0.933308615241374,0.977167010862945,2,4
0,"2_5","{'C': 1, 'class_weight': 'balanced', 'gamma': 'scale', 'probability': True, 'n_genes': 2000}",0.900399519224049,0.952742551566081,2,5
0,"2_6","{'C': 1, 'class_weight': 'balanced', 'gamma': 'scale', 'probability': True, 'n_genes': 1000}",0.977215189873418,0.992592592592593,2,6
0,"2_7","{'C': 0.1, 'class_weight': None, 'gamma': 'auto', 'probability': True, 'n_genes': 2000}",0.958963165685855,0.983015873015873,2,7
0,"2_8","{'C': 0.1, 'class_weight': None, 'gamma': 0.0001, 'probability': True, 'n_genes': 1000}",0.948812584064442,0.974556737588652,2,8
0,"2_9","{'C': 0.1, 'class_weight': None, 'gamma': 0.0001, 'probability': True, 'n_genes': 1000}",0.951391109689799,0.976765873015873,2,9
0,"3_10","{'C': 10, 'class_weight': 'balanced', 'gamma': 'scale', 'probability': True, 'n_genes': 1000}",0.903653883086886,0.979370645087072,3,10
0,"3_11","{'C': 10, 'class_weight': 'balanced', 'gamma': 0.001, 'probability': True, 'n_genes': 2000}",0.918223102868716,0.985240354555151,3,11
0,"3_12","{'C': 1, 'class_weight': None, 'gamma': 'auto', 'probability': True, 'n_genes': 3000}",0.914015189194801,0.976201243640475,3,12
0,"3_13","{'C': 1, 'class_weight': 'balanced', 'gamma': 'scale', 'probability': True, 'n_genes': 2000}",0.955479077936961,0.989218500797448,3,13
0,"3_14","{'C': 100, 'class_weight': 'balanced', 'gamma': 0.0001, 'probability': True, 'n_genes': 2000}",0.90073917127602,0.976261343012704,3,14
0,"3_4","{'C': 0.1, 'class_weight': 'balanced', 'gamma': 'auto', 'probability': True, 'n_genes': 3000}",0.936286373753307,0.969648350407812,3,4
0,"3_5","{'C': 10, 'class_weight': None, 'gamma': 'auto', 'probability': True, 'n_genes': 2000}",0.854082132239159,0.952473758320532,3,5
0,"3_6","{'C': 0.1, 'class_weight': None, 'gamma': 0.01, 'probability': True, 'n_genes': 2000}",0.947274256312641,0.989592625631876,3,6
0,"3_7","{'C': 1, 'class_weight': None, 'gamma': 'scale', 'probability': True, 'n_genes': 1000}",0.943936749308539,0.971978597859786,3,7
0,"3_8","{'C': 0.1, 'class_weight': None, 'gamma': 0.0001, 'probability': True, 'n_genes': 3000}",0.915905991268011,0.961035455772298,3,8
0,"3_9","{'C': 1, 'class_weight': None, 'gamma': 0.01, 'probability': True, 'n_genes': 2000}",0.852186858472387,0.955626245779604,3,9
0,"4_10","{'C': 100, 'class_weight': None, 'gamma': 0.001, 'probability': True, 'n_genes': 3000}",0.95104505293878,0.992771084337349,4,10
0,"4_11","{'C': 10, 'class_weight': 'balanced', 'gamma': 0.001, 'probability': True, 'n_genes': 2000}",0.970114942528736,0.997435897435897,4,11
0,"4_12","{'C': 1, 'class_weight': None, 'gamma': 'scale', 'probability': True, 'n_genes': 2000}",0.939529577768912,0.988317373461012,4,12
0,"4_13","{'C': 0.1, 'class_weight': None, 'gamma': 'auto', 'probability': True, 'n_genes': 2000}",0.985382631126397,0.99764705882353,4,13
0,"4_14","{'C': 100, 'class_weight': None, 'gamma': 0.0001, 'probability': True, 'n_genes': 3000}",0.930708804825651,0.988060376058997,4,14
0,"4_5","{'C': 10, 'class_weight': None, 'gamma': 0.0001, 'probability': True, 'n_genes': 3000}",0.798383673418007,0.952477044918905,4,5
0,"4_6","{'C': 0.1, 'class_weight': None, 'gamma': 0.0001, 'probability': True, 'n_genes': 2000}",0.963804299066795,0.995091839807287,4,6
0,"4_7","{'C': 0.1, 'class_weight': None, 'gamma': 'auto', 'probability': True, 'n_genes': 3000}",0.95687033869959,0.979411648582037,4,7
0,"4_8","{'C': 1, 'class_weight': None, 'gamma': 0.001, 'probability': True, 'n_genes': 3000}",0.947991970696008,0.980461969403146,4,8
0,"4_9","{'C': 0.1, 'class_weight': None, 'gamma': 0.0001, 'probability': True, 'n_genes': 3000}",0.859479603234265,0.968329243617891,4,9
0,"5_10","{'C': 1000, 'class_weight': 'balanced', 'gamma': 0.0001, 'probability': True, 'n_genes': 1000}",0.937798227675528,0.970426065162907,5,10
0,"5_11","{'C': 100, 'class_weight': None, 'gamma': 0.0001, 'probability': True, 'n_genes': 2000}",0.926395378472517,0.968421052631579,5,11
0,"5_12","{'C': 0.1, 'class_weight': 'balanced', 'gamma': 'auto', 'probability': True, 'n_genes': 1000}",0.837689175664534,0.92124035384905,5,12
0,"5_13","{'C': 100, 'class_weight': None, 'gamma': 0.0001, 'probability': True, 'n_genes': 2000}",1,1,5,13
0,"5_14","{'C': 100, 'class_weight': None, 'gamma': 0.0001, 'probability': True, 'n_genes': 3000}",0.880460870197326,0.942558570338891,5,14
0,"5_6","{'C': 0.1, 'class_weight': None, 'gamma': 0.01, 'probability': True, 'n_genes': 2000}",0.950600160042678,0.978362573099415,5,6
0,"5_7","{'C': 1, 'class_weight': None, 'gamma': 0.001, 'probability': True, 'n_genes': 1000}",0.916183287162818,0.971500630517024,5,7
0,"5_8","{'C': 0.1, 'class_weight': 'balanced', 'gamma': 0.001, 'probability': True, 'n_genes': 1000}",0.840718854771155,0.929692211242798,5,8
0,"5_9","{'C': 10, 'class_weight': 'balanced', 'gamma': 'auto', 'probability': True, 'n_genes': 1000}",0.827665140781033,0.914080409123887,5,9
0,"6_10","{'C': 100, 'class_weight': 'balanced', 'gamma': 0.0001, 'probability': True, 'n_genes': 1000}",0.943674698795181,0.972115384615385,6,10
0,"6_11","{'C': 1, 'class_weight': 'balanced', 'gamma': 0.0001, 'probability': True, 'n_genes': 2000}",0.958490566037736,0.981818181818182,6,11
0,"6_12","{'C': 0.1, 'class_weight': None, 'gamma': 'scale', 'probability': True, 'n_genes': 2000}",0.923159065628476,0.963235294117647,6,12
0,"6_13","{'C': 1, 'class_weight': None, 'gamma': 0.001, 'probability': True, 'n_genes': 1000}",1,1,6,13
0,"6_14","{'C': 1, 'class_weight': 'balanced', 'gamma': 'auto', 'probability': True, 'n_genes': 1000}",0.944401544401544,0.973333333333333,6,14
0,"6_7","{'C': 0.1, 'class_weight': None, 'gamma': 0.01, 'probability': True, 'n_genes': 2000}",0.962425209413642,0.992792207792208,6,7
0,"6_8","{'C': 0.1, 'class_weight': None, 'gamma': 0.01, 'probability': True, 'n_genes': 2000}",0.958951756998213,0.987689393939394,6,8
0,"6_9","{'C': 0.1, 'class_weight': None, 'gamma': 0.01, 'probability': True, 'n_genes': 2000}",0.95050107372942,0.978235294117647,6,9
0,"7_10","{'C': 0.1, 'class_weight': None, 'gamma': 0.01, 'probability': True, 'n_genes': 2000}",0.897162123732305,0.978694581280788,7,10
0,"7_11","{'C': 0.1, 'class_weight': 'balanced', 'gamma': 0.001, 'probability': True, 'n_genes': 3000}",0.888166429362443,0.978441558441558,7,11
0,"7_12","{'C': 10, 'class_weight': None, 'gamma': 0.0001, 'probability': True, 'n_genes': 3000}",0.912311339792057,0.976719459109012,7,12
0,"7_13","{'C': 1, 'class_weight': 'balanced', 'gamma': 0.001, 'probability': True, 'n_genes': 2000}",0.988420019627085,0.996610169491525,7,13
0,"7_14","{'C': 1, 'class_weight': None, 'gamma': 0.0001, 'probability': True, 'n_genes': 1000}",0.912953634836126,0.976263291191157,7,14
0,"7_8","{'C': 0.1, 'class_weight': None, 'gamma': 0.0001, 'probability': True, 'n_genes': 1000}",0.938498407073031,0.971474358974359,7,8
0,"7_9","{'C': 0.1, 'class_weight': 'balanced', 'gamma': 0.001, 'probability': True, 'n_genes': 3000}",0.910972793900453,0.971197344322344,7,9
0,"8_10","{'C': 10, 'class_weight': None, 'gamma': 'auto', 'probability': True, 'n_genes': 1000}",0.842365902348924,0.952889292080469,8,10
0,"8_11","{'C': 10, 'class_weight': None, 'gamma': 0.001, 'probability': True, 'n_genes': 3000}",0.562912678765417,0.902085868830291,8,11
0,"8_12","{'C': 1000, 'class_weight': None, 'gamma': 0.0001, 'probability': True, 'n_genes': 3000}",0.730687608807824,0.896697026697027,8,12
0,"8_13","{'C': 100, 'class_weight': None, 'gamma': 0.0001, 'probability': True, 'n_genes': 2000}",0.88982619914997,0.960793650793651,8,13
0,"8_14","{'C': 100, 'class_weight': 'balanced', 'gamma': 0.0001, 'probability': True, 'n_genes': 2000}",0.918484992782568,0.97107291401409,8,14
0,"8_9","{'C': 10, 'class_weight': None, 'gamma': 0.001, 'probability': True, 'n_genes': 2000}",0.896472681478982,0.954746150662203,8,9
0,"9_10","{'C': 1, 'class_weight': 'balanced', 'gamma': 'auto', 'probability': True, 'n_genes': 1000}",0.92053781512605,0.961616161616162,9,10
0,"9_11","{'C': 10, 'class_weight': 'balanced', 'gamma': 0.001, 'probability': True, 'n_genes': 2000}",0.911111111111111,0.9625,9,11
0,"9_12","{'C': 1, 'class_weight': None, 'gamma': 0.001, 'probability': True, 'n_genes': 2000}",0.859030899262458,0.931152181152181,9,12
0,"9_13","{'C': 1, 'class_weight': 'balanced', 'gamma': 'auto', 'probability': True, 'n_genes': 1000}",0.923447282917492,0.963084886128364,9,13
0,"9_14","{'C': 1, 'class_weight': 'balanced', 'gamma': 'auto', 'probability': True, 'n_genes': 3000}",0.94074309209293,0.971385281385281,9,14
1,"0_1","{'C': 10, 'class_weight': None, 'gamma': 'auto', 'probability': True, 'n_genes': 1000}",0.68015946322828,0.857392085971313,0,1
1,"0_10","{'C': 1, 'class_weight': 'balanced', 'gamma': 0.001, 'probability': True, 'n_genes': 2000}",0.852304990609072,0.968778280542986,0,10
1,"0_11","{'C': 1, 'class_weight': 'balanced', 'gamma': 'scale', 'probability': True, 'n_genes': 2000}",0.523009861612388,0.927872549019608,0,11
1,"0_12","{'C': 1, 'class_weight': 'balanced', 'gamma': 0.001, 'probability': True, 'n_genes': 3000}",0.627952861670487,0.889731955675352,0,12
1,"0_13","{'C': 1, 'class_weight': 'balanced', 'gamma': 'auto', 'probability': True, 'n_genes': 3000}",0.948900865442673,0.985164835164835,0,13
1,"0_14","{'C': 10, 'class_weight': None, 'gamma': 0.001, 'probability': True, 'n_genes': 1000}",0.847862938975898,0.958972111047583,0,14
1,"0_2","{'C': 10, 'class_weight': 'balanced', 'gamma': 'scale', 'probability': True, 'n_genes': 3000}",0.92866479832244,0.969253936362145,0,2
1,"0_3","{'C': 10, 'class_weight': None, 'gamma': 0.0001, 'probability': True, 'n_genes': 3000}",0.916043397236408,0.957997021507487,0,3
1,"0_4","{'C': 10, 'class_weight': None, 'gamma': 0.001, 'probability': True, 'n_genes': 3000}",0.911860516843045,0.958498622589532,0,4
1,"0_5","{'C': 10, 'class_weight': None, 'gamma': 0.001, 'probability': True, 'n_genes': 3000}",0.725233704601445,0.906679652081695,0,5
1,"0_6","{'C': 100, 'class_weight': 'balanced', 'gamma': 0.0001, 'probability': True, 'n_genes': 2000}",0.959279336734694,0.992153846153846,0,6
1,"0_7","{'C': 1, 'class_weight': 'balanced', 'gamma': 'scale', 'probability': True, 'n_genes': 2000}",0.940886638470372,0.970455815241604,0,7
1,"0_8","{'C': 100, 'class_weight': None, 'gamma': 0.0001, 'probability': True, 'n_genes': 3000}",0.783679717003572,0.901523329569031,0,8
1,"0_9","{'C': 1000, 'class_weight': 'balanced', 'gamma': 'auto', 'probability': True, 'n_genes': 2000}",0.923260351409821,0.975536568694463,0,9
1,"10_11","{'C': 1, 'class_weight': None, 'gamma': 0.01, 'probability': True, 'n_genes': 1000}",0.70646930739551,0.869030969030969,10,11
1,"10_12","{'C': 100, 'class_weight': 'balanced', 'gamma': 0.0001, 'probability': True, 'n_genes': 1000}",0.8904953145917,0.944444444444444,10,12
1,"10_13","{'C': 1, 'class_weight': None, 'gamma': 'scale', 'probability': True, 'n_genes': 1000}",1,1,10,13
1,"10_14","{'C': 10, 'class_weight': 'balanced', 'gamma': 0.0001, 'probability': True, 'n_genes': 2000}",0.925951712521056,0.963235294117647,10,14
1,"11_12","{'C': 10, 'class_weight': 'balanced', 'gamma': 0.001, 'probability': True, 'n_genes': 3000}",0.667065241971958,0.860693815987934,11,12
1,"11_13","{'C': 0.1, 'class_weight': None, 'gamma': 'scale', 'probability': True, 'n_genes': 2000}",0.763378656670507,0.889199134199134,11,13
1,"11_14","{'C': 0.1, 'class_weight': None, 'gamma': 0.0001, 'probability': True, 'n_genes': 1000}",0.911767847605483,0.957466063348416,11,14
1,"12_13","{'C': 100, 'class_weight': 'balanced', 'gamma': 0.0001, 'probability': True, 'n_genes': 2000}",0.91059595959596,0.95672514619883,12,13
1,"12_14","{'C': 1, 'class_weight': 'balanced', 'gamma': 'auto', 'probability': True, 'n_genes': 1000}",0.913775510204082,0.9575,12,14
1,"13_14","{'C': 1, 'class_weight': 'balanced', 'gamma': 'auto', 'probability': True, 'n_genes': 1000}",0.950769230769231,0.975,13,14
1,"1_10","{'C': 10, 'class_weight': 'balanced', 'gamma': 0.001, 'probability': True, 'n_genes': 3000}",0.939064932666927,0.980631720430108,1,10
1,"1_11","{'C': 10, 'class_weight': 'balanced', 'gamma': 0.0001, 'probability': True, 'n_genes': 2000}",0.858518126472044,0.958488855930458,1,11
1,"1_12","{'C': 0.1, 'class_weight': None, 'gamma': 0.01, 'probability': True, 'n_genes': 2000}",0.883998678807801,0.953227124183006,1,12
1,"1_13","{'C': 10, 'class_weight': 'balanced', 'gamma': 0.001, 'probability': True, 'n_genes': 2000}",0.95174577948486,0.981167434715822,1,13
1,"1_14","{'C': 10, 'class_weight': None, 'gamma': 0.001, 'probability': True, 'n_genes': 2000}",0.917972350230415,0.969128787878788,1,14
1,"1_2","{'C': 1, 'class_weight': 'balanced', 'gamma': 'auto', 'probability': True, 'n_genes': 1000}",0.910556064050507,0.955714499294518,1,2
1,"1_3","{'C': 1, 'class_weight': None, 'gamma': 'auto', 'probability': True, 'n_genes': 3000}",0.89850166804882,0.953921560770876,1,3
1,"1_4","{'C': 0.1, 'class_weight': None, 'gamma': 0.0001, 'probability': True, 'n_genes': 1000}",0.778763666777518,0.917568046600578,1,4
1,"1_5","{'C': 10, 'class_weight': None, 'gamma': 0.0001, 'probability': True, 'n_genes': 3000}",0.596672717118429,0.826649176649177,1,5
1,"1_6","{'C': 100, 'class_weight': 'balanced', 'gamma': 0.0001, 'probability': True, 'n_genes': 2000}",0.955383955383955,0.986436781609195,1,6
1,"1_7","{'C': 1, 'class_weight': 'balanced', 'gamma': 'auto', 'probability': True, 'n_genes': 1000}",0.927464561982539,0.96751951951952,1,7
1,"1_8","{'C': 10, 'class_weight': None, 'gamma': 0.0001, 'probability': True, 'n_genes': 3000}",0.896201525067194,0.948524148120787,1,8
1,"1_9","{'C': 10, 'class_weight': 'balanced', 'gamma': 'auto', 'probability': True, 'n_genes': 2000}",0.913256622803167,0.961939314880491,1,9
1,"2_10","{'C': 1, 'class_weight': None, 'gamma': 0.001, 'probability': True, 'n_genes': 2000}",0.961345246769184,0.985185185185185,2,10
1,"2_11","{'C': 1, 'class_weight': None, 'gamma': 0.001, 'probability': True, 'n_genes': 1000}",0.95748031496063,0.985185185185185,2,11
1,"2_12","{'C': 1, 'class_weight': None, 'gamma': 0.001, 'probability': True, 'n_genes': 1000}",0.970456092579986,0.987083333333333,2,12
1,"2_13","{'C': 10, 'class_weight': 'balanced', 'gamma': 0.001, 'probability': True, 'n_genes': 1000}",1,1,2,13
1,"2_14","{'C': 0.1, 'class_weight': 'balanced', 'gamma': 'auto', 'probability': True, 'n_genes': 3000}",0.923876585511529,0.967272727272727,2,14
1,"2_3","{'C': 10, 'class_weight': None, 'gamma': 0.01, 'probability': True, 'n_genes': 1000}",0.959263704791857,0.983095284032965,2,3
1,"2_4","{'C': 0.1, 'class_weight': 'balanced', 'gamma': 'auto', 'probability': True, 'n_genes': 1000}",0.920246461385941,0.973022753306259,2,4
1,"2_5","{'C': 10, 'class_weight': 'balanced', 'gamma': 'auto', 'probability': True, 'n_genes': 2000}",0.899673460631715,0.953171873171873,2,5
1,"2_6","{'C': 0.1, 'class_weight': None, 'gamma': 0.01, 'probability': True, 'n_genes': 2000}",0.977777777777778,0.993333333333333,2,6
1,"2_7","{'C': 1, 'class_weight': None, 'gamma': 'scale', 'probability': True, 'n_genes': 1000}",0.966560622200988,0.986066536203522,2,7
1,"2_8","{'C': 100, 'class_weight': 'balanced', 'gamma': 0.0001, 'probability': True, 'n_genes': 1000}",0.958633273161811,0.979595571095571,2,8
1,"2_9","{'C': 10, 'class_weight': None, 'gamma': 0.001, 'probability': True, 'n_genes': 2000}",0.976332585820252,0.988676236044657,2,9
1,"3_10","{'C': 100, 'class_weight': None, 'gamma': 0.0001, 'probability': True, 'n_genes': 3000}",0.921801246585895,0.982328548644338,3,10
1,"3_11","{'C': 0.1, 'class_weight': None, 'gamma': 0.01, 'probability': True, 'n_genes': 2000}",0.877910991610709,0.978812932714929,3,11
1,"3_12","{'C': 10, 'class_weight': None, 'gamma': 0.01, 'probability': True, 'n_genes': 1000}",0.905612007506957,0.973584644671789,3,12
1,"3_13","{'C': 10, 'class_weight': 'balanced', 'gamma': 'auto', 'probability': True, 'n_genes': 2000}",0.959419705094404,0.989824561403509,3,13
1,"3_14","{'C': 10, 'class_weight': None, 'gamma': 0.001, 'probability': True, 'n_genes': 1000}",0.918519302080946,0.979830508474576,3,14
1,"3_4","{'C': 1, 'class_weight': 'balanced', 'gamma': 'scale', 'probability': True, 'n_genes': 2000}",0.926612458356146,0.965149769585254,3,4
1,"3_5","{'C': 1, 'class_weight': 'balanced', 'gamma': 'scale', 'probability': True, 'n_genes': 1000}",0.869674631170391,0.952499912721687,3,5
1,"3_6","{'C': 1, 'class_weight': None, 'gamma': 0.001, 'probability': True, 'n_genes': 3000}",0.942483180428135,0.989220779220779,3,6
1,"3_7","{'C': 1, 'class_weight': None, 'gamma': 0.001, 'probability': True, 'n_genes': 1000}",0.93994764442812,0.969975408345156,3,7
1,"3_8","{'C': 100, 'class_weight': None, 'gamma': 0.0001, 'probability': True, 'n_genes': 3000}",0.925052908101471,0.965982187920896,3,8
1,"3_9","{'C': 100, 'class_weight': None, 'gamma': 'scale', 'probability': True, 'n_genes': 3000}",0.851150483561804,0.955396988030185,3,9
1,"4_10","{'C': 0.1, 'class_weight': None, 'gamma': 'auto', 'probability': True, 'n_genes': 2000}",0.932618990558231,0.99030194853488,4,10
1,"4_11","{'C': 10, 'class_weight': 'balanced', 'gamma': 0.0001, 'probability': True, 'n_genes': 2000}",0.836959885530428,0.982893035556862,4,11
1,"4_12","{'C': 10, 'class_weight': None, 'gamma': 0.0001, 'probability': True, 'n_genes': 3000}",0.950951102526845,0.990667078901009,4,12
1,"4_13","{'C': 0.1, 'class_weight': None, 'gamma': 'auto', 'probability': True, 'n_genes': 2000}",0.974503739138468,0.995264780050434,4,13
1,"4_14","{'C': 1000, 'class_weight': 'balanced', 'gamma': 0.01, 'probability': True, 'n_genes': 1000}",0.93133237534045,0.988177945316541,4,14
1,"4_5","{'C': 0.1, 'class_weight': None, 'gamma': 0.0001, 'probability': True, 'n_genes': 3000}",0.812848708317844,0.952618001282752,4,5
1,"4_6","{'C': 0.1, 'class_weight': None, 'gamma': 0.0001, 'probability': True, 'n_genes': 2000}",0.96102798048312,0.995091839807287,4,6
1,"4_7","{'C': 10, 'class_weight': None, 'gamma': 0.001, 'probability': True, 'n_genes': 1000}",0.966535900954559,0.984037685611879,4,7
1,"4_8","{'C': 1000, 'class_weight': None, 'gamma': 0.0001, 'probability': True, 'n_genes': 3000}",0.969598260163515,0.98828979735699,4,8
1,"4_9","{'C': 0.1, 'class_weight': 'balanced', 'gamma': 'auto', 'probability': True, 'n_genes': 1000}",0.838902574363103,0.965955486676138,4,9
1,"5_10","{'C': 100, 'class_weight': 'balanced', 'gamma': 0.0001, 'probability': True, 'n_genes': 2000}",0.952455209024552,0.978235294117647,5,10
1,"5_11","{'C': 1000, 'class_weight': 'balanced', 'gamma': 0.0001, 'probability': True, 'n_genes': 1000}",0.863655462184874,0.947777777777778,5,11
1,"5_12","{'C': 100, 'class_weight': None, 'gamma': 0.0001, 'probability': True, 'n_genes': 3000}",0.892458701238653,0.947687122945704,5,12
1,"5_13","{'C': 10, 'class_weight': 'balanced', 'gamma': 0.0001, 'probability': True, 'n_genes': 2000}",0.980281690140845,0.99047619047619,5,13
1,"5_14","{'C': 10, 'class_weight': 'balanced', 'gamma': 'scale', 'probability': True, 'n_genes': 1000}",0.923284756940751,0.964822134387352,5,14
1,"5_6","{'C': 0.1, 'class_weight': None, 'gamma': 'auto', 'probability': True, 'n_genes': 2000}",0.924175770342429,0.9671826625387,5,6
1,"5_7","{'C': 100, 'class_weight': None, 'gamma': 0.0001, 'probability': True, 'n_genes': 3000}",0.912344082586745,0.971271761392729,5,7
1,"5_8","{'C': 1, 'class_weight': None, 'gamma': 'scale', 'probability': True, 'n_genes': 1000}",0.886435143300246,0.950075238686159,5,8
1,"5_9","{'C': 100, 'class_weight': None, 'gamma': 'auto', 'probability': True, 'n_genes': 1000}",0.921912269929337,0.96151566951567,5,9
1,"6_10","{'C': 100, 'class_weight': None, 'gamma': 0.0001, 'probability': True, 'n_genes': 3000}",0.936078431372549,0.967948717948718,6,10
1,"6_11","{'C': 1, 'class_weight': 'balanced', 'gamma': 0.0001, 'probability': True, 'n_genes': 2000}",0.93953488372093,0.969230769230769,6,11
1,"6_12","{'C': 0.1, 'class_weight': None, 'gamma': 'auto', 'probability': True, 'n_genes': 2000}",0.918039624608968,0.9606162464986,6,12
1,"6_13","{'C': 10, 'class_weight': 'balanced', 'gamma': 0.0001, 'probability': True, 'n_genes': 2000}",0.975182481751825,0.988235294117647,6,13
1,"6_14","{'C': 1, 'class_weight': 'balanced', 'gamma': 0.001, 'probability': True, 'n_genes': 2000}",0.920394088669951,0.962401960784314,6,14
1,"6_7","{'C': 0.1, 'class_weight': 'balanced', 'gamma': 'auto', 'probability': True, 'n_genes': 1000}",0.962464915587952,0.992854864433812,6,7
1,"6_8","{'C': 1, 'class_weight': 'balanced', 'gamma': 0.01, 'probability': True, 'n_genes': 2000}",0.934057669882862,0.980999367488931,6,8
1,"6_9","{'C': 0.1, 'class_weight': None, 'gamma': 0.01, 'probability': True, 'n_genes': 2000}",0.949496644295302,0.979473684210526,6,9
1,"7_10","{'C': 10, 'class_weight': 'balanced', 'gamma': 'scale', 'probability': True, 'n_genes': 1000}",0.927881837666574,0.985709728867624,7,10
1,"7_11","{'C': 0.1, 'class_weight': None, 'gamma': 0.0001, 'probability': True, 'n_genes': 1000}",0.888571671848985,0.978494585520405,7,11
1,"7_12","{'C': 10, 'class_weight': None, 'gamma': 0.0001, 'probability': True, 'n_genes': 3000}",0.915018505781518,0.976549871771533,7,12
1,"7_13","{'C': 1, 'class_weight': 'balanced', 'gamma': 'scale', 'probability': True, 'n_genes': 2000}",0.986223277909739,0.996551724137931,7,13
1,"7_14","{'C': 1, 'class_weight': 'balanced', 'gamma': 'auto', 'probability': True, 'n_genes': 1000}",0.929055343746937,0.982932008571985,7,14
1,"7_8","{'C': 1, 'class_weight': 'balanced', 'gamma': 'scale', 'probability': True, 'n_genes': 2000}",0.953913440521192,0.978974214974215,7,8
1,"7_9","{'C': 1, 'class_weight': None, 'gamma': 'auto', 'probability': True, 'n_genes': 3000}",0.93227526509979,0.977947862701961,7,9
1,"8_10","{'C': 10, 'class_weight': None, 'gamma': 0.001, 'probability': True, 'n_genes': 1000}",0.886083478127962,0.963158865696816,8,10
1,"8_11","{'C': 0.1, 'class_weight': None, 'gamma': 'scale', 'probability': True, 'n_genes': 2000}",0.442765538139204,0.885986070381232,8,11
1,"8_12","{'C': 1000, 'class_weight': 'balanced', 'gamma': 0.0001, 'probability': True, 'n_genes': 3000}",0.678676951538135,0.878993867817397,8,12
1,"8_13","{'C': 10, 'class_weight': 'balanced', 'gamma': 0.001, 'probability': True, 'n_genes': 2000}",0.905328052800424,0.966107016107016,8,13
1,"8_14","{'C': 10, 'class_weight': 'balanced', 'gamma': 0.001, 'probability': True, 'n_genes': 1000}",0.954315590711106,0.984068278805121,8,14
1,"8_9","{'C': 100, 'class_weight': 'balanced', 'gamma': 0.0001, 'probability': True, 'n_genes': 1000}",0.930331420876059,0.969357540191943,8,9
1,"9_10","{'C': 100, 'class_weight': 'balanced', 'gamma': 0.0001, 'probability': True, 'n_genes': 1000}",0.978723404255319,0.99,9,10
1,"9_11","{'C': 100, 'class_weight': 'balanced', 'gamma': 0.0001, 'probability': True, 'n_genes': 2000}",0.919006919006919,0.966666666666667,9,11
1,"9_12","{'C': 10, 'class_weight': 'balanced', 'gamma': 'auto', 'probability': True, 'n_genes': 1000}",0.890610426296537,0.94703557312253,9,12
1,"9_13","{'C': 100, 'class_weight': 'balanced', 'gamma': 0.0001, 'probability': True, 'n_genes': 1000}",0.964330769895446,0.982783882783883,9,13
1,"9_14","{'C': 1, 'class_weight': 'balanced', 'gamma': 'auto', 'probability': True, 'n_genes': 1000}",0.940864053913113,0.971304347826087,9,14
2,"0_1","{'C': 10, 'class_weight': 'balanced', 'gamma': 0.0001, 'probability': True, 'n_genes': 2000}",0.728393624036187,0.880493913334315,0,1
2,"0_10","{'C': 1, 'class_weight': 'balanced', 'gamma': 0.001, 'probability': True, 'n_genes': 2000}",0.845968997318727,0.965593784683685,0,10
2,"0_11","{'C': 10, 'class_weight': None, 'gamma': 0.01, 'probability': True, 'n_genes': 1000}",0.549351764369846,0.94,0,11
2,"0_12","{'C': 1, 'class_weight': 'balanced', 'gamma': 0.001, 'probability': True, 'n_genes': 3000}",0.657979434170853,0.901986699166441,0,12
2,"0_13","{'C': 100, 'class_weight': None, 'gamma': 'scale', 'probability': True, 'n_genes': 1000}",0.887552486955842,0.97036274696652,0,13
2,"0_14","{'C': 1000, 'class_weight': None, 'gamma': 0.001, 'probability': True, 'n_genes': 1000}",0.830064436342685,0.95282329756014,0,14
2,"0_2","{'C': 100, 'class_weight': 'balanced', 'gamma': 0.0001, 'probability': True, 'n_genes': 2000}",0.95121868525795,0.978828993657791,0,2
2,"0_3","{'C': 10, 'class_weight': 'balanced', 'gamma': 0.001, 'probability': True, 'n_genes': 2000}",0.93275921973317,0.9664226534751,0,3
2,"0_4","{'C': 1000, 'class_weight': 'balanced', 'gamma': 'auto', 'probability': True, 'n_genes': 3000}",0.901786231532163,0.953689427810143,0,4
2,"0_5","{'C': 10, 'class_weight': None, 'gamma': 0.001, 'probability': True, 'n_genes': 2000}",0.768702928933607,0.924203116850197,0,5
2,"0_6","{'C': 10, 'class_weight': 'balanced', 'gamma': 0.001, 'probability': True, 'n_genes': 1000}",0.964167939193247,0.992374727668845,0,6
2,"0_7","{'C': 0.1, 'class_weight': 'balanced', 'gamma': 0.0001, 'probability': True, 'n_genes': 3000}",0.932388292040711,0.966176623334469,0,7
2,"0_8","{'C': 10, 'class_weight': None, 'gamma': 0.001, 'probability': True, 'n_genes': 3000}",0.781693146046088,0.899328466996806,0,8
2,"0_9","{'C': 1000, 'class_weight': 'balanced', 'gamma': 0.0001, 'probability': True, 'n_genes': 2000}",0.883696768706017,0.962286648825453,0,9
2,"10_11","{'C': 10, 'class_weight': 'balanced', 'gamma': 'auto', 'probability': True, 'n_genes': 2000}",0.742498747303915,0.877078477078477,10,11
2,"10_12","{'C': 10, 'class_weight': 'balanced', 'gamma': 0.0001, 'probability': True, 'n_genes': 1000}",0.905555555555556,0.952777777777778,10,12
2,"10_13","{'C': 1, 'class_weight': 'balanced', 'gamma': 0.001, 'probability': True, 'n_genes': 2000}",0.946611053180396,0.973949579831933,10,13
2,"10_14","{'C': 10, 'class_weight': 'balanced', 'gamma': 0.001, 'probability': True, 'n_genes': 1000}",0.919408866995074,0.9606162464986,10,14
2,"11_12","{'C': 1, 'class_weight': 'balanced', 'gamma': 0.001, 'probability': True, 'n_genes': 3000}",0.622863978127136,0.837948717948718,11,12
2,"11_13","{'C': 100, 'class_weight': None, 'gamma': 'scale', 'probability': True, 'n_genes': 3000}",0.808809868036544,0.915984848484849,11,13
2,"11_14","{'C': 1, 'class_weight': 'balanced', 'gamma': 'auto', 'probability': True, 'n_genes': 1000}",0.86492735369529,0.938095238095238,11,14
2,"12_13","{'C': 1000, 'class_weight': 'balanced', 'gamma': 0.0001, 'probability': True, 'n_genes': 1000}",0.92,0.96,12,13
2,"12_14","{'C': 0.1, 'class_weight': None, 'gamma': 'auto', 'probability': True, 'n_genes': 3000}",0.915415599988108,0.957855869620575,12,14
2,"13_14","{'C': 1, 'class_weight': 'balanced', 'gamma': 'auto', 'probability': True, 'n_genes': 1000}",1,1,13,14
2,"1_10","{'C': 10, 'class_weight': 'balanced', 'gamma': 0.0001, 'probability': True, 'n_genes': 2000}",0.945341614906832,0.980416666666667,1,10
2,"1_11","{'C': 10, 'class_weight': 'balanced', 'gamma': 0.0001, 'probability': True, 'n_genes': 1000}",0.836002214542841,0.957578628268283,1,11
2,"1_12","{'C': 10, 'class_weight': 'balanced', 'gamma': 'scale', 'probability': True, 'n_genes': 1000}",0.92504014165655,0.969674688057041,1,12
2,"1_13","{'C': 10, 'class_weight': 'balanced', 'gamma': 0.0001, 'probability': True, 'n_genes': 1000}",0.986046511627907,0.993939393939394,1,13
2,"1_14","{'C': 10, 'class_weight': 'balanced', 'gamma': 0.001, 'probability': True, 'n_genes': 2000}",0.926280741194904,0.969875222816399,1,14
2,"1_2","{'C': 100, 'class_weight': 'balanced', 'gamma': 0.0001, 'probability': True, 'n_genes': 2000}",0.937397891963109,0.968783487044357,1,2
2,"1_3","{'C': 100, 'class_weight': 'balanced', 'gamma': 'auto', 'probability': True, 'n_genes': 2000}",0.927732376802162,0.967595822210098,1,3
2,"1_4","{'C': 0.1, 'class_weight': None, 'gamma': 0.0001, 'probability': True, 'n_genes': 1000}",0.798616305188467,0.925656940694069,1,4
2,"1_5","{'C': 10, 'class_weight': None, 'gamma': 0.0001, 'probability': True, 'n_genes': 3000}",0.589180385478334,0.823833943833944,1,5
2,"1_6","{'C': 10, 'class_weight': 'balanced', 'gamma': 'auto', 'probability': True, 'n_genes': 1000}",0.977777777777778,0.993333333333333,1,6
2,"1_7","{'C': 10, 'class_weight': 'balanced', 'gamma': 'auto', 'probability': True, 'n_genes': 2000}",0.939221550784406,0.972488584474886,1,7
2,"1_8","{'C': 10, 'class_weight': None, 'gamma': 0.0001, 'probability': True, 'n_genes': 3000}",0.91129491057116,0.955751900760304,1,8
2,"1_9","{'C': 1000, 'class_weight': 'balanced', 'gamma': 0.0001, 'probability': True, 'n_genes': 1000}",0.838442622560634,0.928604845446951,1,9
2,"2_10","{'C': 10, 'class_weight': None, 'gamma': 'auto', 'probability': True, 'n_genes': 1000}",0.94186522139278,0.978514588859416,2,10
2,"2_11","{'C': 0.1, 'class_weight': None, 'gamma': 'auto', 'probability': True, 'n_genes': 2000}",0.938906348208674,0.977714285714286,2,11
2,"2_12","{'C': 0.1, 'class_weight': None, 'gamma': 'auto', 'probability': True, 'n_genes': 2000}",0.942648634069279,0.974369501466276,2,12
2,"2_13","{'C': 1, 'class_weight': None, 'gamma': 'auto', 'probability': True, 'n_genes': 3000}",0.985840707964602,0.99375,2,13
2,"2_14","{'C': 100, 'class_weight': 'balanced', 'gamma': 0.0001, 'probability': True, 'n_genes': 2000}",0.936567910309345,0.973706896551724,2,14
2,"2_3","{'C': 0.1, 'class_weight': None, 'gamma': 'auto', 'probability': True, 'n_genes': 3000}",0.972721010332951,0.988888888888889,2,3
2,"2_4","{'C': 100, 'class_weight': None, 'gamma': 0.0001, 'probability': True, 'n_genes': 3000}",0.952445808139611,0.983665762344004,2,4
2,"2_5","{'C': 10, 'class_weight': 'balanced', 'gamma': 0.001, 'probability': True, 'n_genes': 2000}",0.939184714733568,0.971033670224847,2,5
2,"2_6","{'C': 1, 'class_weight': 'balanced', 'gamma': 'auto', 'probability': True, 'n_genes': 3000}",0.976991150442478,0.992307692307692,2,6
2,"2_7","{'C': 1, 'class_weight': None, 'gamma': 0.01, 'probability': True, 'n_genes': 1000}",0.97930116800552,0.991428571428571,2,7
2,"2_8","{'C': 10, 'class_weight': 'balanced', 'gamma': 0.001, 'probability': True, 'n_genes': 1000}",0.949880703329144,0.975233589457985,2,8
2,"2_9","{'C': 1, 'class_weight': 'balanced', 'gamma': 0.0001, 'probability': True, 'n_genes': 2000}",0.951533630750412,0.976797385620915,2,9
2,"3_10","{'C': 1, 'class_weight': None, 'gamma': 'scale', 'probability': True, 'n_genes': 1000}",0.967305198596336,0.992982456140351,3,10
2,"3_11","{'C': 10, 'class_weight': None, 'gamma': 0.001, 'probability': True, 'n_genes': 1000}",0.872253355694289,0.981863857757602,3,11
2,"3_12","{'C': 10, 'class_weight': 'balanced', 'gamma': 'auto', 'probability': True, 'n_genes': 2000}",0.93805822319496,0.983491889921633,3,12
2,"3_13","{'C': 1, 'class_weight': None, 'gamma': 'auto', 'probability': True, 'n_genes': 3000}",0.954807087553406,0.989467312348668,3,13
2,"3_14","{'C': 10, 'class_weight': 'balanced', 'gamma': 'auto', 'probability': True, 'n_genes': 1000}",0.950684816371277,0.986551724137931,3,14
2,"3_4","{'C': 10, 'class_weight': None, 'gamma': 'auto', 'probability': True, 'n_genes': 2000}",0.939632519766175,0.971473559593161,3,4
2,"3_5","{'C': 1, 'class_weight': 'balanced', 'gamma': 'auto', 'probability': True, 'n_genes': 1000}",0.884641434385466,0.959263283392382,3,5
2,"3_6","{'C': 1, 'class_weight': 'balanced', 'gamma': 0.001, 'probability': True, 'n_genes': 3000}",0.979930795847751,0.996551724137931,3,6
2,"3_7","{'C': 10, 'class_weight': 'balanced', 'gamma': 0.001, 'probability': True, 'n_genes': 1000}",0.94754241867718,0.973773751925012,3,7
2,"3_8","{'C': 10, 'class_weight': 'balanced', 'gamma': 'auto', 'probability': True, 'n_genes': 1000}",0.936041101624729,0.970941970310391,3,8
2,"3_9","{'C': 100, 'class_weight': 'balanced', 'gamma': 0.001, 'probability': True, 'n_genes': 1000}",0.859470935958477,0.955474296107559,3,9
2,"4_10","{'C': 0.1, 'class_weight': None, 'gamma': 0.001, 'probability': True, 'n_genes': 3000}",0.952014022071352,0.99282498184459,4,10
2,"4_11","{'C': 10, 'class_weight': None, 'gamma': 0.0001, 'probability': True, 'n_genes': 3000}",0.917655926135293,0.992435897435897,4,11
2,"4_12","{'C': 0.1, 'class_weight': None, 'gamma': 'auto', 'probability': True, 'n_genes': 2000}",0.95128615407835,0.990642325895876,4,12
2,"4_13","{'C': 0.1, 'class_weight': None, 'gamma': 'auto', 'probability': True, 'n_genes': 2000}",0.971469106454888,0.995232013622818,4,13
2,"4_14","{'C': 1, 'class_weight': 'balanced', 'gamma': 'auto', 'probability': True, 'n_genes': 3000}",0.928773369753971,0.985909712722298,4,14
2,"4_5","{'C': 10, 'class_weight': 'balanced', 'gamma': 0.001, 'probability': True, 'n_genes': 2000}",0.760758779925375,0.94385082307593,4,5
2,"4_6","{'C': 10, 'class_weight': None, 'gamma': 0.0001, 'probability': True, 'n_genes': 3000}",0.965836363284101,0.995091839807287,4,6
2,"4_7","{'C': 1000, 'class_weight': None, 'gamma': 0.001, 'probability': True, 'n_genes': 1000}",0.969484806387191,0.985560675883257,4,7
2,"4_8","{'C': 10, 'class_weight': None, 'gamma': 0.0001, 'probability': True, 'n_genes': 3000}",0.952141924627413,0.982253965202345,4,8
2,"4_9","{'C': 1, 'class_weight': 'balanced', 'gamma': 0.0001, 'probability': True, 'n_genes': 2000}",0.856038059216686,0.968512635068234,4,9
2,"5_10","{'C': 100, 'class_weight': 'balanced', 'gamma': 0.0001, 'probability': True, 'n_genes': 2000}",0.932043956043956,0.968888888888889,5,10
2,"5_11","{'C': 0.1, 'class_weight': None, 'gamma': 0.001, 'probability': True, 'n_genes': 3000}",0.855353700566622,0.943653250773994,5,11
2,"5_12","{'C': 1, 'class_weight': 'balanced', 'gamma': 'auto', 'probability': True, 'n_genes': 3000}",0.890348271082126,0.946212121212121,5,12
2,"5_13","{'C': 10, 'class_weight': 'balanced', 'gamma': 0.001, 'probability': True, 'n_genes': 1000}",0.982509505703422,0.991304347826087,5,13
2,"5_14","{'C': 0.1, 'class_weight': None, 'gamma': 0.01, 'probability': True, 'n_genes': 2000}",0.90762092732477,0.956142857142857,5,14
2,"5_6","{'C': 0.1, 'class_weight': None, 'gamma': 0.01, 'probability': True, 'n_genes': 1000}",0.95,0.977777777777778,5,6
2,"5_7","{'C': 100, 'class_weight': None, 'gamma': 0.0001, 'probability': True, 'n_genes': 2000}",0.899146795314754,0.964706147750833,5,7
2,"5_8","{'C': 10, 'class_weight': 'balanced', 'gamma': 0.001, 'probability': True, 'n_genes': 1000}",0.897257680177437,0.95392811296534,5,8
2,"5_9","{'C': 1000, 'class_weight': None, 'gamma': 0.0001, 'probability': True, 'n_genes': 1000}",0.843054211773947,0.921667550839965,5,9
2,"6_10","{'C': 1, 'class_weight': 'balanced', 'gamma': 'auto', 'probability': True, 'n_genes': 3000}",0.966666666666667,0.983333333333333,6,10
2,"6_11","{'C': 0.1, 'class_weight': None, 'gamma': 'auto', 'probability': True, 'n_genes': 2000}",0.963934426229508,0.981818181818182,6,11
2,"6_12","{'C': 0.1, 'class_weight': None, 'gamma': 0.01, 'probability': True, 'n_genes': 1000}",0.946666666666667,0.975,6,12
2,"6_13","{'C': 10, 'class_weight': None, 'gamma': 0.0001, 'probability': True, 'n_genes': 3000}",1,1,6,13
2,"6_14","{'C': 1, 'class_weight': 'balanced', 'gamma': 'auto', 'probability': True, 'n_genes': 3000}",0.968674698795181,0.984615384615385,6,14
2,"6_7","{'C': 1, 'class_weight': 'balanced', 'gamma': 'auto', 'probability': True, 'n_genes': 3000}",0.962423468515204,0.992792207792208,6,7
2,"6_8","{'C': 0.1, 'class_weight': 'balanced', 'gamma': 'auto', 'probability': True, 'n_genes': 3000}",0.958974358974359,0.9875,6,8
2,"6_9","{'C': 10, 'class_weight': None, 'gamma': 0.01, 'probability': True, 'n_genes': 2000}",0.948913043478261,0.978888888888889,6,9
2,"7_10","{'C': 10, 'class_weight': None, 'gamma': 0.01, 'probability': True, 'n_genes': 1000}",0.916313024615722,0.982133616870459,7,10
2,"7_11","{'C': 0.1, 'class_weight': None, 'gamma': 0.01, 'probability': True, 'n_genes': 2000}",0.841203805753025,0.977842576710501,7,11
2,"7_12","{'C': 1, 'class_weight': None, 'gamma': 'auto', 'probability': True, 'n_genes': 3000}",0.917115816441866,0.976600517687662,7,12
2,"7_13","{'C': 1, 'class_weight': 'balanced', 'gamma': 0.001, 'probability': True, 'n_genes': 3000}",0.984615384615385,0.996428571428571,7,13
2,"7_14","{'C': 10, 'class_weight': 'balanced', 'gamma': 0.0001, 'probability': True, 'n_genes': 1000}",0.942623949439459,0.983214686071802,7,14
2,"7_8","{'C': 10, 'class_weight': None, 'gamma': 0.001, 'probability': True, 'n_genes': 1000}",0.94745620672726,0.976065507749718,7,8
2,"7_9","{'C': 0.1, 'class_weight': None, 'gamma': 'auto', 'probability': True, 'n_genes': 2000}",0.913057274045852,0.97095254358574,7,9
2,"8_10","{'C': 100, 'class_weight': None, 'gamma': 0.0001, 'probability': True, 'n_genes': 3000}",0.891328856328856,0.965042016806723,8,10
2,"8_11","{'C': 100, 'class_weight': None, 'gamma': 'auto', 'probability': True, 'n_genes': 3000}",0.604083417140419,0.910940260420074,8,11
2,"8_12","{'C': 1000, 'class_weight': 'balanced', 'gamma': 'auto', 'probability': True, 'n_genes': 3000}",0.758618845909712,0.912377857733895,8,12
2,"8_13","{'C': 1, 'class_weight': None, 'gamma': 'scale', 'probability': True, 'n_genes': 2000}",0.921043895637756,0.971493378052976,8,13
2,"8_14","{'C': 10, 'class_weight': None, 'gamma': 0.001, 'probability': True, 'n_genes': 1000}",0.939664781101278,0.977247664616086,8,14
2,"8_9","{'C': 10, 'class_weight': 'balanced', 'gamma': 0.001, 'probability': True, 'n_genes': 2000}",0.908072832535316,0.959089068825911,8,9
2,"9_10","{'C': 10, 'class_weight': 'balanced', 'gamma': 0.001, 'probability': True, 'n_genes': 1000}",0.934133925075055,0.969473684210526,9,10
2,"9_11","{'C': 1000, 'class_weight': 'balanced', 'gamma': 0.0001, 'probability': True, 'n_genes': 3000}",0.880657438182549,0.955486756105951,9,11
2,"9_12","{'C': 1, 'class_weight': None, 'gamma': 0.001, 'probability': True, 'n_genes': 3000}",0.858951071623395,0.931142857142857,9,12
2,"9_13","{'C': 1, 'class_weight': 'balanced', 'gamma': 0.001, 'probability': True, 'n_genes': 2000}",0.902189500640205,0.953528138528139,9,13
2,"9_14","{'C': 100, 'class_weight': None, 'gamma': 0.0001, 'probability': True, 'n_genes': 3000}",0.946529205009689,0.973809523809524,9,14
3,"0_1","{'C': 100, 'class_weight': None, 'gamma': 'auto', 'probability': True, 'n_genes': 3000}",0.740997459351533,0.884336779926803,0,1
3,"0_10","{'C': 10, 'class_weight': None, 'gamma': 'scale', 'probability': True, 'n_genes': 1000}",0.88228980067762,0.972908321528902,0,10
3,"0_11","{'C': 100, 'class_weight': 'balanced', 'gamma': 'auto', 'probability': True, 'n_genes': 3000}",0.627765326078896,0.952046587865916,0,11
3,"0_12","{'C': 1, 'class_weight': 'balanced', 'gamma': 0.001, 'probability': True, 'n_genes': 3000}",0.716394469698122,0.912443482443482,0,12
3,"0_13","{'C': 10, 'class_weight': 'balanced', 'gamma': 'auto', 'probability': True, 'n_genes': 2000}",0.858815975234249,0.963047952047952,0,13
3,"0_14","{'C': 10, 'class_weight': None, 'gamma': 'auto', 'probability': True, 'n_genes': 2000}",0.844779238291484,0.962725274725275,0,14
3,"0_2","{'C': 10, 'class_weight': None, 'gamma': 0.0001, 'probability': True, 'n_genes': 3000}",0.945384096123072,0.975925056989301,0,2
3,"0_3","{'C': 100, 'class_weight': None, 'gamma': 0.0001, 'probability': True, 'n_genes': 3000}",0.932453392222367,0.966202407614782,0,3
3,"0_4","{'C': 1000, 'class_weight': 'balanced', 'gamma': 0.0001, 'probability': True, 'n_genes': 3000}",0.908206079895455,0.956953167278637,0,4
3,"0_5","{'C': 10, 'class_weight': 'balanced', 'gamma': 0.0001, 'probability': True, 'n_genes': 2000}",0.748871596656665,0.913771794663855,0,5
3,"0_6","{'C': 10, 'class_weight': 'balanced', 'gamma': 'auto', 'probability': True, 'n_genes': 1000}",0.984431137724551,0.996153846153846,0,6
3,"0_7","{'C': 10, 'class_weight': None, 'gamma': 0.0001, 'probability': True, 'n_genes': 3000}",0.94009650781615,0.970035127133148,0,7
3,"0_8","{'C': 1000, 'class_weight': 'balanced', 'gamma': 0.0001, 'probability': True, 'n_genes': 3000}",0.775431955247136,0.896339651302028,0,8
3,"0_9","{'C': 100, 'class_weight': None, 'gamma': 'auto', 'probability': True, 'n_genes': 3000}",0.909067240848755,0.969348569275081,0,9
3,"10_11","{'C': 100, 'class_weight': None, 'gamma': 0.0001, 'probability': True, 'n_genes': 2000}",0.829378531073446,0.915151515151515,10,11
3,"10_12","{'C': 10, 'class_weight': None, 'gamma': 0.001, 'probability': True, 'n_genes': 1000}",0.926745272525028,0.964624183006536,10,12
3,"10_13","{'C': 100, 'class_weight': None, 'gamma': 'auto', 'probability': True, 'n_genes': 2000}",0.973451327433628,0.986666666666667,10,13
3,"10_14","{'C': 1, 'class_weight': 'balanced', 'gamma': 'scale', 'probability': True, 'n_genes': 1000}",0.93953488372093,0.969230769230769,10,14
3,"11_12","{'C': 1000, 'class_weight': None, 'gamma': 0.001, 'probability': True, 'n_genes': 3000}",0.697613138462481,0.87015873015873,11,12
3,"11_13","{'C': 100, 'class_weight': 'balanced', 'gamma': 0.001, 'probability': True, 'n_genes': 3000}",0.7656729273529,0.890842490842491,11,13
3,"11_14","{'C': 100, 'class_weight': 'balanced', 'gamma': 0.0001, 'probability': True, 'n_genes': 1000}",0.932123629112662,0.966433566433566,11,14
3,"12_13","{'C': 1000, 'class_weight': None, 'gamma': 0.0001, 'probability': True, 'n_genes': 2000}",0.847338858195212,0.923976608187134,12,13
3,"12_14","{'C': 10, 'class_weight': 'balanced', 'gamma': 0.0001, 'probability': True, 'n_genes': 1000}",0.930472501686208,0.966973684210526,12,14
3,"13_14","{'C': 10, 'class_weight': 'balanced', 'gamma': 'auto', 'probability': True, 'n_genes': 1000}",0.971428571428571,0.985714285714286,13,14
3,"1_10","{'C': 1, 'class_weight': 'balanced', 'gamma': 'auto', 'probability': True, 'n_genes': 1000}",0.940778630292697,0.980416666666667,1,10
3,"1_11","{'C': 100, 'class_weight': 'balanced', 'gamma': 0.0001, 'probability': True, 'n_genes': 2000}",0.881653796653797,0.965977011494253,1,11
3,"1_12","{'C': 1, 'class_weight': 'balanced', 'gamma': 'auto', 'probability': True, 'n_genes': 1000}",0.901008958620963,0.959269162210339,1,12
3,"1_13","{'C': 100, 'class_weight': None, 'gamma': 0.0001, 'probability': True, 'n_genes': 3000}",0.969046909772723,0.987487781036168,1,13
3,"1_14","{'C': 1, 'class_weight': 'balanced', 'gamma': 'scale', 'probability': True, 'n_genes': 2000}",0.91599561207492,0.969953917050691,1,14
3,"1_2","{'C': 10, 'class_weight': 'balanced', 'gamma': 0.0001, 'probability': True, 'n_genes': 2000}",0.938521876087268,0.969367588932806,1,2
3,"1_3","{'C': 10, 'class_weight': 'balanced', 'gamma': 'auto', 'probability': True, 'n_genes': 3000}",0.908519736014547,0.959124274959891,1,3
3,"1_4","{'C': 10, 'class_weight': 'balanced', 'gamma': 'scale', 'probability': True, 'n_genes': 1000}",0.838920683328199,0.939515151515152,1,4
3,"1_5","{'C': 10, 'class_weight': 'balanced', 'gamma': 0.001, 'probability': True, 'n_genes': 3000}",0.605401651533563,0.827679692075977,1,5
3,"1_6","{'C': 0.1, 'class_weight': 'balanced', 'gamma': 'auto', 'probability': True, 'n_genes': 1000}",0.982436260623229,0.993548387096774,1,6
3,"1_7","{'C': 0.1, 'class_weight': None, 'gamma': 'scale', 'probability': True, 'n_genes': 2000}",0.920879516901192,0.963982881119867,1,7
3,"1_8","{'C': 10, 'class_weight': 'balanced', 'gamma': 0.001, 'probability': True, 'n_genes': 1000}",0.912391884093254,0.956235294117647,1,8
3,"1_9","{'C': 100, 'class_weight': 'balanced', 'gamma': 0.001, 'probability': True, 'n_genes': 3000}",0.868038018383817,0.941085145295672,1,9
3,"2_10","{'C': 1, 'class_weight': 'balanced', 'gamma': 'auto', 'probability': True, 'n_genes': 1000}",0.96073870772666,0.985960591133005,2,10
3,"2_11","{'C': 0.1, 'class_weight': 'balanced', 'gamma': 0.001, 'probability': True, 'n_genes': 1000}",0.957575757575758,0.985714285714286,2,11
3,"2_12","{'C': 100, 'class_weight': None, 'gamma': 0.01, 'probability': True, 'n_genes': 2000}",0.955976582949613,0.98116048927408,2,12
3,"2_13","{'C': 1, 'class_weight': None, 'gamma': 'scale', 'probability': True, 'n_genes': 2000}",0.985365853658537,0.993333333333333,2,13
3,"2_14","{'C': 0.1, 'class_weight': 'balanced', 'gamma': 'auto', 'probability': True, 'n_genes': 1000}",0.96823488040158,0.986651835372636,2,14
3,"2_3","{'C': 10, 'class_weight': 'balanced', 'gamma': 'auto', 'probability': True, 'n_genes': 2000}",0.973606326719419,0.988923679060665,2,3
3,"2_4","{'C': 1, 'class_weight': None, 'gamma': 0.001, 'probability': True, 'n_genes': 3000}",0.940559109987349,0.9793749321758,2,4
3,"2_5","{'C': 1, 'class_weight': 'balanced', 'gamma': 'auto', 'probability': True, 'n_genes': 1000}",0.914003812460888,0.959645191409897,2,5
3,"2_6","{'C': 1, 'class_weight': None, 'gamma': 'scale', 'probability': True, 'n_genes': 2000}",1,1,2,6
3,"2_7","{'C': 1, 'class_weight': 'balanced', 'gamma': 'auto', 'probability': True, 'n_genes': 1000}",0.979777613486524,0.991423902894491,2,7
3,"2_8","{'C': 10, 'class_weight': 'balanced', 'gamma': 0.001, 'probability': True, 'n_genes': 1000}",0.950669677394752,0.975496381531336,2,8
3,"2_9","{'C': 0.1, 'class_weight': 'balanced', 'gamma': 'auto', 'probability': True, 'n_genes': 3000}",0.963889626525369,0.982669552669553,2,9
3,"3_10","{'C': 100, 'class_weight': 'balanced', 'gamma': 0.0001, 'probability': True, 'n_genes': 1000}",0.879136277077608,0.975237309574878,3,10
3,"3_11","{'C': 1, 'class_weight': None, 'gamma': 0.001, 'probability': True, 'n_genes': 3000}",0.871564854021378,0.978362573099415,3,11
3,"3_12","{'C': 10, 'class_weight': 'balanced', 'gamma': 0.001, 'probability': True, 'n_genes': 1000}",0.920992152964902,0.976871132633845,3,12
3,"3_13","{'C': 10, 'class_weight': 'balanced', 'gamma': 'auto', 'probability': True, 'n_genes': 3000}",0.957223277909739,0.989655172413793,3,13
3,"3_14","{'C': 10, 'class_weight': None, 'gamma': 'auto', 'probability': True, 'n_genes': 2000}",0.911615740061433,0.979683901138705,3,14
3,"3_4","{'C': 1, 'class_weight': None, 'gamma': 0.001, 'probability': True, 'n_genes': 1000}",0.929228030122224,0.966473147308199,3,4
3,"3_5","{'C': 100, 'class_weight': 'balanced', 'gamma': 0.01, 'probability': True, 'n_genes': 1000}",0.851689283778678,0.948929443111093,3,5
3,"3_6","{'C': 1, 'class_weight': None, 'gamma': 0.001, 'probability': True, 'n_genes': 2000}",0.969311954536229,0.992980295566502,3,6
3,"3_7","{'C': 1, 'class_weight': None, 'gamma': 0.01, 'probability': True, 'n_genes': 1000}",0.947043039049716,0.973548520684174,3,7
3,"3_8","{'C': 0.1, 'class_weight': 'balanced', 'gamma': 0.0001, 'probability': True, 'n_genes': 3000}",0.909365615058213,0.958186858186858,3,8
3,"3_9","{'C': 10, 'class_weight': 'balanced', 'gamma': 'auto', 'probability': True, 'n_genes': 2000}",0.868848959510995,0.958675755248336,3,9
3,"4_10","{'C': 1, 'class_weight': 'balanced', 'gamma': 'auto', 'probability': True, 'n_genes': 3000}",0.913187380446362,0.987802001657423,4,10
3,"4_11","{'C': 100, 'class_weight': 'balanced', 'gamma': 0.0001, 'probability': True, 'n_genes': 2000}",0.914813648293963,0.990061728395062,4,11
3,"4_12","{'C': 10, 'class_weight': None, 'gamma': 0.0001, 'probability': True, 'n_genes': 3000}",0.954280667489047,0.990668405293152,4,12
3,"4_13","{'C': 0.1, 'class_weight': None, 'gamma': 'auto', 'probability': True, 'n_genes': 3000}",0.972298518976865,0.995266106442577,4,13
3,"4_14","{'C': 10, 'class_weight': 'balanced', 'gamma': 0.001, 'probability': True, 'n_genes': 1000}",0.909258957521454,0.985784573027335,4,14
3,"4_5","{'C': 0.1, 'class_weight': None, 'gamma': 0.0001, 'probability': True, 'n_genes': 3000}",0.760431946762506,0.938917262512768,4,5
3,"4_6","{'C': 10, 'class_weight': None, 'gamma': 0.001, 'probability': True, 'n_genes': 1000}",0.972402597402597,0.995294117647059,4,6
3,"4_7","{'C': 10, 'class_weight': 'balanced', 'gamma': 'auto', 'probability': True, 'n_genes': 1000}",0.959045831113946,0.980683041724426,4,7
3,"4_8","{'C': 1, 'class_weight': None, 'gamma': 'scale', 'probability': True, 'n_genes': 1000}",0.937956537556221,0.976484357032988,4,8
3,"4_9","{'C': 1, 'class_weight': 'balanced', 'gamma': 0.0001, 'probability': True, 'n_genes': 2000}",0.872780836230216,0.970684371807967,4,9
3,"5_10","{'C': 0.1, 'class_weight': None, 'gamma': 0.01, 'probability': True, 'n_genes': 1000}",0.884273001893914,0.948745348219032,5,10
3,"5_11","{'C': 0.1, 'class_weight': None, 'gamma': 0.0001, 'probability': True, 'n_genes': 2000}",0.903065883887802,0.957777777777778,5,11
3,"5_12","{'C': 10, 'class_weight': 'balanced', 'gamma': 0.001, 'probability': True, 'n_genes': 1000}",0.930607287449393,0.966220735785953,5,12
3,"5_13","{'C': 100, 'class_weight': 'balanced', 'gamma': 0.0001, 'probability': True, 'n_genes': 1000}",0.960179910044977,0.981385281385281,5,13
3,"5_14","{'C': 1, 'class_weight': 'balanced', 'gamma': 'auto', 'probability': True, 'n_genes': 1000}",0.886178431019318,0.947861471861472,5,14
3,"5_6","{'C': 1, 'class_weight': 'balanced', 'gamma': 'auto', 'probability': True, 'n_genes': 1000}",0.978034682080925,0.989473684210526,5,6
3,"5_7","{'C': 1, 'class_weight': 'balanced', 'gamma': 0.01, 'probability': True, 'n_genes': 2000}",0.872387237808528,0.954352057842047,5,7
3,"5_8","{'C': 1, 'class_weight': 'balanced', 'gamma': 'scale', 'probability': True, 'n_genes': 1000}",0.874451721981533,0.943530496033705,5,8
3,"5_9","{'C': 10, 'class_weight': None, 'gamma': 'auto', 'probability': True, 'n_genes': 3000}",0.881073471982563,0.940740740740741,5,9
3,"6_10","{'C': 1, 'class_weight': 'balanced', 'gamma': 'auto', 'probability': True, 'n_genes': 1000}",0.973451327433628,0.986666666666667,6,10
3,"6_11","{'C': 10, 'class_weight': None, 'gamma': 0.0001, 'probability': True, 'n_genes': 3000}",0.966666666666667,0.983333333333333,6,11
3,"6_12","{'C': 100, 'class_weight': 'balanced', 'gamma': 0.0001, 'probability': True, 'n_genes': 1000}",0.976223776223776,0.988235294117647,6,12
3,"6_13","{'C': 1, 'class_weight': 'balanced', 'gamma': 0.001, 'probability': True, 'n_genes': 2000}",1,1,6,13
3,"6_14","{'C': 1, 'class_weight': 'balanced', 'gamma': 'auto', 'probability': True, 'n_genes': 1000}",0.978723404255319,0.99,6,14
3,"6_7","{'C': 1, 'class_weight': None, 'gamma': 'scale', 'probability': True, 'n_genes': 2000}",0.967096501858685,0.992659932659933,6,7
3,"6_8","{'C': 0.1, 'class_weight': 'balanced', 'gamma': 'auto', 'probability': True, 'n_genes': 1000}",0.967592592592593,0.988571428571429,6,8
3,"6_9","{'C': 1, 'class_weight': None, 'gamma': 0.01, 'probability': True, 'n_genes': 1000}",0.958033749082905,0.98047619047619,6,9
3,"7_10","{'C': 0.1, 'class_weight': None, 'gamma': 'auto', 'probability': True, 'n_genes': 2000}",0.88829685590592,0.974993038150933,7,10
3,"7_11","{'C': 0.1, 'class_weight': None, 'gamma': 0.0001, 'probability': True, 'n_genes': 1000}",0.884354737280752,0.98109243697479,7,11
3,"7_12","{'C': 1, 'class_weight': None, 'gamma': 'scale', 'probability': True, 'n_genes': 3000}",0.950478159048959,0.986477961164148,7,12
3,"7_13","{'C': 10, 'class_weight': 'balanced', 'gamma': 0.0001, 'probability': True, 'n_genes': 2000}",0.974470305972248,0.992915360501567,7,13
3,"7_14","{'C': 0.1, 'class_weight': None, 'gamma': 0.0001, 'probability': True, 'n_genes': 1000}",0.915217417024412,0.975974858244384,7,14
3,"7_8","{'C': 1, 'class_weight': 'balanced', 'gamma': 0.0001, 'probability': True, 'n_genes': 2000}",0.924860726069489,0.965397892766314,7,8
3,"7_9","{'C': 1, 'class_weight': None, 'gamma': 0.001, 'probability': True, 'n_genes': 3000}",0.932288914051533,0.977647420036973,7,9
3,"8_10","{'C': 100, 'class_weight': None, 'gamma': 0.001, 'probability': True, 'n_genes': 1000}",0.864429936473461,0.958034317832705,8,10
3,"8_11","{'C': 10, 'class_weight': 'balanced', 'gamma': 'auto', 'probability': True, 'n_genes': 2000}",0.670843474431029,0.930518084066471,8,11
3,"8_12","{'C': 0.1, 'class_weight': None, 'gamma': 'auto', 'probability': True, 'n_genes': 3000}",0.718593231258656,0.891932811932812,8,12
3,"8_13","{'C': 10, 'class_weight': 'balanced', 'gamma': 'auto', 'probability': True, 'n_genes': 3000}",0.853154494408793,0.948684987508517,8,13
3,"8_14","{'C': 10, 'class_weight': None, 'gamma': 0.001, 'probability': True, 'n_genes': 3000}",0.912848290915898,0.967587520838295,8,14
3,"8_9","{'C': 100, 'class_weight': None, 'gamma': 0.001, 'probability': True, 'n_genes': 1000}",0.883906529200744,0.949230769230769,8,9
3,"9_10","{'C': 10, 'class_weight': None, 'gamma': 0.0001, 'probability': True, 'n_genes': 3000}",0.930997461392003,0.969949874686717,9,10
3,"9_11","{'C': 100, 'class_weight': None, 'gamma': 0.0001, 'probability': True, 'n_genes': 3000}",0.945489010707516,0.978947368421053,9,11
3,"9_12","{'C': 1, 'class_weight': 'balanced', 'gamma': 'auto', 'probability': True, 'n_genes': 1000}",0.89534632795164,0.948789196310936,9,12
3,"9_13","{'C': 10, 'class_weight': None, 'gamma': 0.01, 'probability': True, 'n_genes': 1000}",0.919587458168432,0.961304347826087,9,13
3,"9_14","{'C': 1000, 'class_weight': 'balanced', 'gamma': 0.0001, 'probability': True, 'n_genes': 3000}",0.943704652155356,0.973333333333333,9,14
4,"0_1","{'C': 100, 'class_weight': None, 'gamma': 0.001, 'probability': True, 'n_genes': 3000}",0.736612840049178,0.881265375715504,0,1
4,"0_10","{'C': 1000, 'class_weight': 'balanced', 'gamma': 'auto', 'probability': True, 'n_genes': 2000}",0.832679496705675,0.965872980638796,0,10
4,"0_11","{'C': 100, 'class_weight': None, 'gamma': 0.001, 'probability': True, 'n_genes': 3000}",0.729196803309857,0.960186611469465,0,11
4,"0_12","{'C': 0.1, 'class_weight': None, 'gamma': 0.001, 'probability': True, 'n_genes': 1000}",0.727576916749164,0.91618715894578,0,12
4,"0_13","{'C': 10, 'class_weight': 'balanced', 'gamma': 'auto', 'probability': True, 'n_genes': 3000}",0.93156697288922,0.981478940346865,0,13
4,"0_14","{'C': 10, 'class_weight': None, 'gamma': 0.001, 'probability': True, 'n_genes': 3000}",0.816439243388987,0.955221722413731,0,14
4,"0_2","{'C': 1, 'class_weight': 'balanced', 'gamma': 0.0001, 'probability': True, 'n_genes': 2000}",0.944859757747736,0.975796087970001,0,2
4,"0_3","{'C': 10, 'class_weight': None, 'gamma': 0.0001, 'probability': True, 'n_genes': 3000}",0.924232230067304,0.962141593337894,0,3
4,"0_4","{'C': 100, 'class_weight': None, 'gamma': 'auto', 'probability': True, 'n_genes': 2000}",0.894718117264169,0.950239549155683,0,4
4,"0_5","{'C': 1, 'class_weight': 'balanced', 'gamma': 0.001, 'probability': True, 'n_genes': 2000}",0.739658143760627,0.910199637023593,0,5
4,"0_6","{'C': 10, 'class_weight': 'balanced', 'gamma': 0.001, 'probability': True, 'n_genes': 2000}",0.961748369958947,0.992428571428571,0,6
4,"0_7","{'C': 10, 'class_weight': 'balanced', 'gamma': 'auto', 'probability': True, 'n_genes': 1000}",0.945019373058983,0.972540593505039,0,7
4,"0_8","{'C': 10, 'class_weight': 'balanced', 'gamma': 'scale', 'probability': True, 'n_genes': 3000}",0.764139960373234,0.891673282940889,0,8
4,"0_9","{'C': 1, 'class_weight': 'balanced', 'gamma': 'auto', 'probability': True, 'n_genes': 3000}",0.896122871804607,0.965392147815477,0,9
4,"10_11","{'C': 1, 'class_weight': None, 'gamma': 0.001, 'probability': True, 'n_genes': 3000}",0.716481735896983,0.864895104895105,10,11
4,"10_12","{'C': 10, 'class_weight': 'balanced', 'gamma': 0.001, 'probability': True, 'n_genes': 1000}",0.853215189873418,0.927777777777778,10,12
4,"10_13","{'C': 10, 'class_weight': 'balanced', 'gamma': 'auto', 'probability': True, 'n_genes': 2000}",1,1,10,13
4,"10_14","{'C': 10, 'class_weight': None, 'gamma': 0.001, 'probability': True, 'n_genes': 1000}",0.916038719285182,0.958119658119658,10,14
4,"11_12","{'C': 10, 'class_weight': 'balanced', 'gamma': 'auto', 'probability': True, 'n_genes': 3000}",0.581455678077531,0.829551820728291,11,12
4,"11_13","{'C': 10, 'class_weight': 'balanced', 'gamma': 'auto', 'probability': True, 'n_genes': 2000}",0.756809538205447,0.886155462184874,11,13
4,"11_14","{'C': 1, 'class_weight': None, 'gamma': 'auto', 'probability': True, 'n_genes': 3000}",0.914285714285714,0.957142857142857,11,14
4,"12_13","{'C': 10, 'class_weight': 'balanced', 'gamma': 'auto', 'probability': True, 'n_genes': 2000}",0.907490373346727,0.95594427244582,12,13
4,"12_14","{'C': 100, 'class_weight': None, 'gamma': 0.0001, 'probability': True, 'n_genes': 3000}",0.934188006613703,0.967708978328173,12,14
4,"13_14","{'C': 100, 'class_weight': 'balanced', 'gamma': 0.0001, 'probability': True, 'n_genes': 2000}",1,1,13,14
4,"1_10","{'C': 1, 'class_weight': 'balanced', 'gamma': 'scale', 'probability': True, 'n_genes': 2000}",0.918715336439188,0.973939393939394,1,10
4,"1_11","{'C': 1, 'class_weight': 'balanced', 'gamma': 'auto', 'probability': True, 'n_genes': 3000}",0.939504660673877,0.980645161290323,1,11
4,"1_12","{'C': 1, 'class_weight': None, 'gamma': 0.01, 'probability': True, 'n_genes': 1000}",0.928876220111599,0.970756302521008,1,12
4,"1_13","{'C': 0.1, 'class_weight': None, 'gamma': 0.001, 'probability': True, 'n_genes': 3000}",0.950847402807744,0.98116048927408,1,13
4,"1_14","{'C': 1, 'class_weight': 'balanced', 'gamma': 'auto', 'probability': True, 'n_genes': 1000}",0.909071670983156,0.968680875576037,1,14
4,"1_2","{'C': 1, 'class_weight': 'balanced', 'gamma': 'auto', 'probability': True, 'n_genes': 3000}",0.939738709861801,0.969915458937198,1,2
4,"1_3","{'C': 10, 'class_weight': 'balanced', 'gamma': 0.001, 'probability': True, 'n_genes': 1000}",0.915591310861771,0.962288361749444,1,3
4,"1_4","{'C': 0.1, 'class_weight': None, 'gamma': 0.01, 'probability': True, 'n_genes': 1000}",0.809876090507716,0.927454545454545,1,4
4,"1_5","{'C': 10, 'class_weight': None, 'gamma': 0.0001, 'probability': True, 'n_genes': 3000}",0.70070259275573,0.869906748854117,1,5
4,"1_6","{'C': 1, 'class_weight': 'balanced', 'gamma': 'scale', 'probability': True, 'n_genes': 2000}",0.957755656108597,0.986853448275862,1,6
4,"1_7","{'C': 1, 'class_weight': 'balanced', 'gamma': 'auto', 'probability': True, 'n_genes': 1000}",0.933938390951564,0.970228269365256,1,7
4,"1_8","{'C': 1, 'class_weight': 'balanced', 'gamma': 'scale', 'probability': True, 'n_genes': 2000}",0.898935761493154,0.949481481481481,1,8
4,"1_9","{'C': 10, 'class_weight': None, 'gamma': 0.001, 'probability': True, 'n_genes': 2000}",0.854635318119787,0.93525299735826,1,9
4,"2_10","{'C': 1, 'class_weight': 'balanced', 'gamma': 'auto', 'probability': True, 'n_genes': 1000}",0.98,0.992857142857143,2,10
4,"2_11","{'C': 1, 'class_weight': 'balanced', 'gamma': 'auto', 'probability': True, 'n_genes': 3000}",0.980204778156997,0.993103448275862,2,11
4,"2_12","{'C': 0.1, 'class_weight': None, 'gamma': 'auto', 'probability': True, 'n_genes': 3000}",0.943263541620242,0.974987781036168,2,12
4,"2_13","{'C': 1, 'class_weight': None, 'gamma': 'auto', 'probability': True, 'n_genes': 3000}",1,1,2,13
4,"2_14","{'C': 100, 'class_weight': 'balanced', 'gamma': 0.0001, 'probability': True, 'n_genes': 2000}",0.952119318776731,0.98059122931203,2,14
4,"2_3","{'C': 0.1, 'class_weight': None, 'gamma': 0.01, 'probability': True, 'n_genes': 1000}",0.966814663894799,0.986263318112633,2,3
4,"2_4","{'C': 0.1, 'class_weight': 'balanced', 'gamma': 0.001, 'probability': True, 'n_genes': 3000}",0.946852738451503,0.981526579704047,2,4
4,"2_5","{'C': 1000, 'class_weight': 'balanced', 'gamma': 0.0001, 'probability': True, 'n_genes': 1000}",0.93955076400597,0.971587301587302,2,5
4,"2_6","{'C': 0.1, 'class_weight': 'balanced', 'gamma': 'auto', 'probability': True, 'n_genes': 1000}",0.97319587628866,0.992307692307692,2,6
4,"2_7","{'C': 100, 'class_weight': 'balanced', 'gamma': 0.001, 'probability': True, 'n_genes': 1000}",0.973316516295992,0.988732394366197,2,7
4,"2_8","{'C': 10, 'class_weight': 'balanced', 'gamma': 0.001, 'probability': True, 'n_genes': 1000}",0.967053373850806,0.983738880167452,2,8
4,"2_9","{'C': 0.1, 'class_weight': 'balanced', 'gamma': 'auto', 'probability': True, 'n_genes': 1000}",0.963996818209631,0.982689075630252,2,9
4,"3_10","{'C': 10, 'class_weight': 'balanced', 'gamma': 0.001, 'probability': True, 'n_genes': 1000}",0.950007452271588,0.989218500797448,3,10
4,"3_11","{'C': 1, 'class_weight': 'balanced', 'gamma': 0.01, 'probability': True, 'n_genes': 2000}",0.91522505742547,0.986135699484618,3,11
4,"3_12","{'C': 1, 'class_weight': None, 'gamma': 0.001, 'probability': True, 'n_genes': 1000}",0.928643666198693,0.979875501479456,3,12
4,"3_13","{'C': 1, 'class_weight': None, 'gamma': 0.01, 'probability': True, 'n_genes': 1000}",0.971025685605263,0.993017607771706,3,13
4,"3_14","{'C': 0.1, 'class_weight': None, 'gamma': 0.01, 'probability': True, 'n_genes': 2000}",0.895267714429037,0.976029407241072,3,14
4,"3_4","{'C': 10, 'class_weight': None, 'gamma': 0.001, 'probability': True, 'n_genes': 1000}",0.936227762629006,0.9697176921529,3,4
4,"3_5","{'C': 1, 'class_weight': None, 'gamma': 0.001, 'probability': True, 'n_genes': 3000}",0.88026892047626,0.958740542244641,3,5
4,"3_6","{'C': 0.1, 'class_weight': None, 'gamma': 0.01, 'probability': True, 'n_genes': 3000}",0.924498790005225,0.985769980506823,3,6
4,"3_7","{'C': 10, 'class_weight': 'balanced', 'gamma': 0.001, 'probability': True, 'n_genes': 1000}",0.935893934769167,0.967950597121568,3,7
4,"3_8","{'C': 1, 'class_weight': 'balanced', 'gamma': 'scale', 'probability': True, 'n_genes': 1000}",0.920577441066879,0.963460995145206,3,8
4,"3_9","{'C': 0.1, 'class_weight': None, 'gamma': 0.01, 'probability': True, 'n_genes': 2000}",0.861943894695976,0.955304487179487,3,9
4,"4_10","{'C': 100, 'class_weight': 'balanced', 'gamma': 0.0001, 'probability': True, 'n_genes': 2000}",0.91347357618866,0.987833538308609,4,10
4,"4_11","{'C': 10, 'class_weight': None, 'gamma': 0.001, 'probability': True, 'n_genes': 3000}",0.895339223108859,0.987829800213512,4,11
4,"4_12","{'C': 1, 'class_weight': None, 'gamma': 'scale', 'probability': True, 'n_genes': 1000}",0.930675241804463,0.985989882721332,4,12
4,"4_13","{'C': 0.1, 'class_weight': None, 'gamma': 'auto', 'probability': True, 'n_genes': 2000}",0.98815331010453,0.99764705882353,4,13
4,"4_14","{'C': 10, 'class_weight': None, 'gamma': 0.0001, 'probability': True, 'n_genes': 3000}",0.908046370155306,0.985684249603456,4,14
4,"4_5","{'C': 0.1, 'class_weight': None, 'gamma': 0.0001, 'probability': True, 'n_genes': 3000}",0.769751148631909,0.941290373709978,4,5
4,"4_6","{'C': 0.1, 'class_weight': None, 'gamma': 0.0001, 'probability': True, 'n_genes': 1000}",0.944301549415429,0.992708787218591,4,6
4,"4_7","{'C': 1, 'class_weight': 'balanced', 'gamma': 'auto', 'probability': True, 'n_genes': 1000}",0.969635876085168,0.985561290322581,4,7
4,"4_8","{'C': 1, 'class_weight': None, 'gamma': 0.001, 'probability': True, 'n_genes': 2000}",0.933042378911456,0.974585196954875,4,8
4,"4_9","{'C': 1, 'class_weight': 'balanced', 'gamma': 0.0001, 'probability': True, 'n_genes': 2000}",0.858759010946858,0.968205006281333,4,9
4,"5_10","{'C': 100, 'class_weight': None, 'gamma': 0.0001, 'probability': True, 'n_genes': 3000}",0.953223388305847,0.979365079365079,5,10
4,"5_11","{'C': 1000, 'class_weight': 'balanced', 'gamma': 0.0001, 'probability': True, 'n_genes': 1000}",0.918665726190086,0.968362573099415,5,11
4,"5_12","{'C': 1, 'class_weight': 'balanced', 'gamma': 'auto', 'probability': True, 'n_genes': 1000}",0.894938056432239,0.948550724637681,5,12
4,"5_13","{'C': 10, 'class_weight': 'balanced', 'gamma': 0.001, 'probability': True, 'n_genes': 1000}",0.982608695652174,0.991666666666667,5,13
4,"5_14","{'C': 10, 'class_weight': 'balanced', 'gamma': 0.001, 'probability': True, 'n_genes': 1000}",0.870673813765059,0.94116080715623,5,14
4,"5_6","{'C': 0.1, 'class_weight': None, 'gamma': 0.0001, 'probability': True, 'n_genes': 3000}",0.931370638946811,0.969144385026738,5,6
4,"5_7","{'C': 0.1, 'class_weight': None, 'gamma': 0.0001, 'probability': True, 'n_genes': 2000}",0.908744494089636,0.968092200523784,5,7
4,"5_8","{'C': 100, 'class_weight': None, 'gamma': 'scale', 'probability': True, 'n_genes': 1000}",0.88674583726011,0.949931559668402,5,8
4,"5_9","{'C': 100, 'class_weight': None, 'gamma': 0.0001, 'probability': True, 'n_genes': 2000}",0.890841668319014,0.94551566951567,5,9
4,"6_10","{'C': 1, 'class_weight': 'balanced', 'gamma': 'auto', 'probability': True, 'n_genes': 1000}",0.93771186440678,0.969318181818182,6,10
4,"6_11","{'C': 0.1, 'class_weight': None, 'gamma': 'auto', 'probability': True, 'n_genes': 2000}",0.930939648586707,0.967948717948718,6,11
4,"6_12","{'C': 0.1, 'class_weight': None, 'gamma': 0.0001, 'probability': True, 'n_genes': 1000}",0.930417324610873,0.965735294117647,6,12
4,"6_13","{'C': 10, 'class_weight': 'balanced', 'gamma': 0.0001, 'probability': True, 'n_genes': 2000}",1,1,6,13
4,"6_14","{'C': 0.1, 'class_weight': None, 'gamma': 0.01, 'probability': True, 'n_genes': 1000}",0.942483660130719,0.972222222222222,6,14
4,"6_7","{'C': 1, 'class_weight': None, 'gamma': 'scale', 'probability': True, 'n_genes': 3000}",0.946664828042819,0.989339248504403,6,7
4,"6_8","{'C': 0.1, 'class_weight': None, 'gamma': 0.01, 'probability': True, 'n_genes': 2000}",0.936756153802064,0.981742831541219,6,8
4,"6_9","{'C': 0.1, 'class_weight': None, 'gamma': 0.01, 'probability': True, 'n_genes': 2000}",0.925270137714836,0.968838763575606,6,9
4,"7_10","{'C': 10, 'class_weight': 'balanced', 'gamma': 0.0001, 'probability': True, 'n_genes': 2000}",0.920967746097278,0.982259292431706,7,10
4,"7_11","{'C': 0.1, 'class_weight': 'balanced', 'gamma': 'auto', 'probability': True, 'n_genes': 3000}",0.912239602861556,0.982010582010582,7,11
4,"7_12","{'C': 1000, 'class_weight': 'balanced', 'gamma': 0.0001, 'probability': True, 'n_genes': 3000}",0.917116717570102,0.976553672316384,7,12
4,"7_13","{'C': 10, 'class_weight': 'balanced', 'gamma': 'auto', 'probability': True, 'n_genes': 3000}",0.975920019627085,0.993276836158192,7,13
4,"7_14","{'C': 0.1, 'class_weight': 'balanced', 'gamma': 0.001, 'probability': True, 'n_genes': 1000}",0.92622638254413,0.979467312348668,7,14
4,"7_8","{'C': 1, 'class_weight': None, 'gamma': 0.01, 'probability': True, 'n_genes': 1000}",0.96047425325565,0.981773484343771,7,8
4,"7_9","{'C': 0.1, 'class_weight': 'balanced', 'gamma': 'auto', 'probability': True, 'n_genes': 3000}",0.942507120572843,0.980694685771365,7,9
4,"8_10","{'C': 10, 'class_weight': None, 'gamma': 0.001, 'probability': True, 'n_genes': 1000}",0.837972757705491,0.952901430842607,8,10
4,"8_11","{'C': 0.1, 'class_weight': None, 'gamma': 'scale', 'probability': True, 'n_genes': 3000}",0.609488972755748,0.9186119257087,8,11
4,"8_12","{'C': 100, 'class_weight': None, 'gamma': 'scale', 'probability': True, 'n_genes': 3000}",0.765202779914383,0.912123256860099,8,12
4,"8_13","{'C': 10, 'class_weight': 'balanced', 'gamma': 'auto', 'probability': True, 'n_genes': 3000}",0.904883600033777,0.966161616161616,8,13
4,"8_14","{'C': 10, 'class_weight': 'balanced', 'gamma': 'auto', 'probability': True, 'n_genes': 1000}",0.9119724494487,0.971134421134421,8,14
4,"8_9","{'C': 10, 'class_weight': 'balanced', 'gamma': 0.001, 'probability': True, 'n_genes': 2000}",0.907130597597129,0.95970695970696,8,9
4,"9_10","{'C': 10, 'class_weight': None, 'gamma': 0.001, 'probability': True, 'n_genes': 3000}",0.930494105687305,0.969423558897243,9,10
4,"9_11","{'C': 1000, 'class_weight': None, 'gamma': 0.0001, 'probability': True, 'n_genes': 2000}",0.918755980861244,0.968235294117647,9,11
4,"9_12","{'C': 10, 'class_weight': 'balanced', 'gamma': 0.001, 'probability': True, 'n_genes': 3000}",0.911327224949157,0.956521739130435,9,12
4,"9_13","{'C': 10, 'class_weight': None, 'gamma': 0.01, 'probability': True, 'n_genes': 2000}",0.946127989657401,0.973517786561265,9,13
4,"9_14","{'C': 10, 'class_weight': 'balanced', 'gamma': 0.0001, 'probability': True, 'n_genes': 2000}",0.936325646184801,0.97047619047619,9,14
