"outer_fold","class","params","mean_kappa","mean_accuracy"
"AAML0531",0,"{'class_weight': True, 'colsample_bytree': 0.8, 'gamma': 0.1, 'learning_rate': 0.05, 'max_depth': 2, 'min_child_weight': 1, 'n_estimators': 100, 'reg_alpha': 0, 'reg_lambda': 1.0, 'subsample': 0.8, 'n_genes': 5000}",0.0577017025175317,0.865486949507103
"AAML0531",1,"{'class_weight': True, 'colsample_bytree': 0.8, 'gamma': 0.1, 'learning_rate': 0.05, 'max_depth': 2, 'min_child_weight': 1, 'n_estimators': 100, 'reg_alpha': 0.1, 'reg_lambda': 1.0, 'subsample': 0.8, 'n_genes': 2000}",0.500697904269364,0.863400240941525
"AAML0531",2,"{'class_weight': True, 'colsample_bytree': 0.8, 'gamma': 0.1, 'learning_rate': 0.05, 'max_depth': 2, 'min_child_weight': 3, 'n_estimators': 200, 'reg_alpha': 0, 'reg_lambda': 1.0, 'subsample': 0.8, 'n_genes': 3000}",0.735679081939707,0.976341201737051
"AAML0531",3,"{'class_weight': True, 'colsample_bytree': 0.8, 'gamma': 0, 'learning_rate': 0.05, 'max_depth': 3, 'min_child_weight': 3, 'n_estimators': 100, 'reg_alpha': 0, 'reg_lambda': 1.0, 'subsample': 0.8, 'n_genes': 2000}",0.887316257926211,0.975842713961228
"AAML0531",4,"{'class_weight': True, 'colsample_bytree': 0.8, 'gamma': 0, 'learning_rate': 0.1, 'max_depth': 2, 'min_child_weight': 1, 'n_estimators': 200, 'reg_alpha': 0.1, 'reg_lambda': 1.0, 'subsample': 0.8, 'n_genes': 3000}",0.590905945899223,0.995659181446217
"AAML0531",5,"{'class_weight': True, 'colsample_bytree': 0.8, 'gamma': 0, 'learning_rate': 0.05, 'max_depth': 3, 'min_child_weight': 1, 'n_estimators': 200, 'reg_alpha': 0.1, 'reg_lambda': 1.0, 'subsample': 0.8, 'n_genes': 3000}",0.792267096586143,0.918143781194992
"AAML0531",6,"{'class_weight': True, 'colsample_bytree': 0.8, 'gamma': 0.1, 'learning_rate': 0.05, 'max_depth': 2, 'min_child_weight': 5, 'n_estimators': 100, 'reg_alpha': 0.1, 'reg_lambda': 1.0, 'subsample': 0.8, 'n_genes': 3000}",0.512425122708515,0.921487165230284
"AAML0531",7,"{'class_weight': True, 'colsample_bytree': 0.8, 'gamma': 0, 'learning_rate': 0.05, 'max_depth': 2, 'min_child_weight': 3, 'n_estimators': 200, 'reg_alpha': 0, 'reg_lambda': 1.0, 'subsample': 0.8, 'n_genes': 3000}",0.554494382022472,0.989911727616646
"AAML0531",8,"{'class_weight': True, 'colsample_bytree': 0.8, 'gamma': 0, 'learning_rate': 0.05, 'max_depth': 3, 'min_child_weight': 1, 'n_estimators': 200, 'reg_alpha': 0, 'reg_lambda': 1.0, 'subsample': 0.8, 'n_genes': 5000}",0.903383736283193,0.98875288745946
"AAML0531",9,"{'class_weight': True, 'colsample_bytree': 0.8, 'gamma': 0.1, 'learning_rate': 0.05, 'max_depth': 3, 'min_child_weight': 5, 'n_estimators': 100, 'reg_alpha': 0.1, 'reg_lambda': 1.0, 'subsample': 0.8, 'n_genes': 2000}",0.620580683092851,0.962533925216509
"AAML0531",10,"{'class_weight': True, 'colsample_bytree': 0.8, 'gamma': 0, 'learning_rate': 0.1, 'max_depth': 3, 'min_child_weight': 3, 'n_estimators': 200, 'reg_alpha': 0.1, 'reg_lambda': 1.0, 'subsample': 0.8, 'n_genes': 2000}",0.852205828396502,0.978237234732648
"AAML0531",14,"{'class_weight': True, 'colsample_bytree': 0.8, 'gamma': 0.1, 'learning_rate': 0.05, 'max_depth': 2, 'min_child_weight': 5, 'n_estimators': 200, 'reg_alpha': 0.1, 'reg_lambda': 1.0, 'subsample': 0.8, 'n_genes': 5000}",0.55510064824292,0.997299253277596
"AAML0531",15,"{'class_weight': True, 'colsample_bytree': 0.8, 'gamma': 0.1, 'learning_rate': 0.1, 'max_depth': 3, 'min_child_weight': 3, 'n_estimators': 200, 'reg_alpha': 0.1, 'reg_lambda': 1.0, 'subsample': 0.8, 'n_genes': 3000}",0.612839747034031,0.992129628129929
"AAML0531",16,"{'class_weight': True, 'colsample_bytree': 0.8, 'gamma': 0.1, 'learning_rate': 0.1, 'max_depth': 5, 'min_child_weight': 5, 'n_estimators': 100, 'reg_alpha': 0, 'reg_lambda': 1.0, 'subsample': 0.8, 'n_genes': 5000}",0.08450080292375,0.986773332314316
"AAML0531",17,"{'class_weight': True, 'colsample_bytree': 0.8, 'gamma': 0.1, 'learning_rate': 0.05, 'max_depth': 2, 'min_child_weight': 5, 'n_estimators': 100, 'reg_alpha': 0.1, 'reg_lambda': 1.0, 'subsample': 0.8, 'n_genes': 3000}",0.357429496042966,0.975413774824964
"AAML0531",18,"{'class_weight': True, 'colsample_bytree': 0.8, 'gamma': 0.1, 'learning_rate': 0.1, 'max_depth': 3, 'min_child_weight': 5, 'n_estimators': 100, 'reg_alpha': 0.1, 'reg_lambda': 1.0, 'subsample': 0.8, 'n_genes': 3000}",0.788189307201477,0.993158793880707
"AAML0531",20,"{'class_weight': True, 'colsample_bytree': 0.8, 'gamma': 0, 'learning_rate': 0.05, 'max_depth': 2, 'min_child_weight': 3, 'n_estimators': 200, 'reg_alpha': 0, 'reg_lambda': 1.0, 'subsample': 0.8, 'n_genes': 3000}",0.52946213229269,0.990623747861904
"AAML0531",21,"{'class_weight': True, 'colsample_bytree': 0.8, 'gamma': 0, 'learning_rate': 0.1, 'max_depth': 2, 'min_child_weight': 5, 'n_estimators': 200, 'reg_alpha': 0, 'reg_lambda': 1.0, 'subsample': 0.8, 'n_genes': 3000}",0.199393479909022,0.994320570140242
"AAML0531",22,"{'class_weight': True, 'colsample_bytree': 0.8, 'gamma': 0, 'learning_rate': 0.05, 'max_depth': 3, 'min_child_weight': 1, 'n_estimators': 100, 'reg_alpha': 0, 'reg_lambda': 1.0, 'subsample': 0.8, 'n_genes': 3000}",0,0.992796294796596
"AAML1031",0,"{'class_weight': True, 'colsample_bytree': 0.8, 'gamma': 0, 'learning_rate': 0.05, 'max_depth': 5, 'min_child_weight': 1, 'n_estimators': 100, 'reg_alpha': 0.1, 'reg_lambda': 1.0, 'subsample': 0.8, 'n_genes': 2000}",0.161865668092401,0.938450107386553
"AAML1031",1,"{'class_weight': True, 'colsample_bytree': 0.8, 'gamma': 0.1, 'learning_rate': 0.1, 'max_depth': 2, 'min_child_weight': 5, 'n_estimators': 100, 'reg_alpha': 0.1, 'reg_lambda': 1.0, 'subsample': 0.8, 'n_genes': 2000}",0.47131099785391,0.896544994317372
"AAML1031",2,"{'class_weight': True, 'colsample_bytree': 0.8, 'gamma': 0.1, 'learning_rate': 0.05, 'max_depth': 2, 'min_child_weight': 5, 'n_estimators': 100, 'reg_alpha': 0.1, 'reg_lambda': 1.0, 'subsample': 0.8, 'n_genes': 3000}",0.687457661214356,0.973836940974128
"AAML1031",3,"{'class_weight': True, 'colsample_bytree': 0.8, 'gamma': 0, 'learning_rate': 0.05, 'max_depth': 5, 'min_child_weight': 3, 'n_estimators': 100, 'reg_alpha': 0.1, 'reg_lambda': 1.0, 'subsample': 0.8, 'n_genes': 3000}",0.902545052046385,0.978727955506964
"AAML1031",4,"{'class_weight': True, 'colsample_bytree': 0.8, 'gamma': 0, 'learning_rate': 0.1, 'max_depth': 3, 'min_child_weight': 3, 'n_estimators': 100, 'reg_alpha': 0.1, 'reg_lambda': 1.0, 'subsample': 0.8, 'n_genes': 2000}",0.59349730529269,0.99397813376432
"AAML1031",5,"{'class_weight': True, 'colsample_bytree': 0.8, 'gamma': 0.1, 'learning_rate': 0.1, 'max_depth': 3, 'min_child_weight': 1, 'n_estimators': 200, 'reg_alpha': 0.1, 'reg_lambda': 1.0, 'subsample': 0.8, 'n_genes': 2000}",0.758489797594343,0.911273451105628
"AAML1031",6,"{'class_weight': True, 'colsample_bytree': 0.8, 'gamma': 0.1, 'learning_rate': 0.1, 'max_depth': 3, 'min_child_weight': 5, 'n_estimators': 100, 'reg_alpha': 0, 'reg_lambda': 1.0, 'subsample': 0.8, 'n_genes': 2000}",0.394723055832949,0.946251543816738
"AAML1031",7,"{'class_weight': True, 'colsample_bytree': 0.8, 'gamma': 0, 'learning_rate': 0.05, 'max_depth': 2, 'min_child_weight': 1, 'n_estimators': 100, 'reg_alpha': 0, 'reg_lambda': 1.0, 'subsample': 0.8, 'n_genes': 3000}",0.0573845683416573,0.984379965457686
"AAML1031",8,"{'class_weight': True, 'colsample_bytree': 0.8, 'gamma': 0, 'learning_rate': 0.05, 'max_depth': 2, 'min_child_weight': 1, 'n_estimators': 200, 'reg_alpha': 0.1, 'reg_lambda': 1.0, 'subsample': 0.8, 'n_genes': 5000}",0.900266677772726,0.988135982633772
"AAML1031",9,"{'class_weight': True, 'colsample_bytree': 0.8, 'gamma': 0, 'learning_rate': 0.05, 'max_depth': 3, 'min_child_weight': 5, 'n_estimators': 200, 'reg_alpha': 0.1, 'reg_lambda': 1.0, 'subsample': 0.8, 'n_genes': 5000}",0.664260838488298,0.974608223461981
"AAML1031",10,"{'class_weight': True, 'colsample_bytree': 0.8, 'gamma': 0.1, 'learning_rate': 0.05, 'max_depth': 2, 'min_child_weight': 1, 'n_estimators': 200, 'reg_alpha': 0.1, 'reg_lambda': 1.0, 'subsample': 0.8, 'n_genes': 2000}",0.858534621875313,0.979126123621537
"AAML1031",14,"{'class_weight': True, 'colsample_bytree': 0.8, 'gamma': 0, 'learning_rate': 0.05, 'max_depth': 2, 'min_child_weight': 1, 'n_estimators': 200, 'reg_alpha': 0.1, 'reg_lambda': 1.0, 'subsample': 0.8, 'n_genes': 5000}",0.665570240236762,0.996677811052484
"AAML1031",15,"{'class_weight': True, 'colsample_bytree': 0.8, 'gamma': 0.1, 'learning_rate': 0.1, 'max_depth': 5, 'min_child_weight': 5, 'n_estimators': 100, 'reg_alpha': 0, 'reg_lambda': 1.0, 'subsample': 0.8, 'n_genes': 5000}",0.447996029175586,0.989630549205512
"AAML1031",16,"{'class_weight': True, 'colsample_bytree': 0.8, 'gamma': 0, 'learning_rate': 0.1, 'max_depth': 3, 'min_child_weight': 5, 'n_estimators': 200, 'reg_alpha': 0.1, 'reg_lambda': 1.0, 'subsample': 0.8, 'n_genes': 2000}",0.242559243066671,0.99250525985241
"AAML1031",17,"{'class_weight': True, 'colsample_bytree': 0.8, 'gamma': 0, 'learning_rate': 0.05, 'max_depth': 2, 'min_child_weight': 3, 'n_estimators': 200, 'reg_alpha': 0, 'reg_lambda': 1.0, 'subsample': 0.8, 'n_genes': 2000}",0.445789042171332,0.981687021135921
"AAML1031",18,"{'class_weight': True, 'colsample_bytree': 0.8, 'gamma': 0, 'learning_rate': 0.1, 'max_depth': 2, 'min_child_weight': 5, 'n_estimators': 200, 'reg_alpha': 0, 'reg_lambda': 1.0, 'subsample': 0.8, 'n_genes': 3000}",0.70543133475816,0.990927058530353
"AAML1031",20,"{'class_weight': True, 'colsample_bytree': 0.8, 'gamma': 0, 'learning_rate': 0.05, 'max_depth': 2, 'min_child_weight': 1, 'n_estimators': 100, 'reg_alpha': 0, 'reg_lambda': 1.0, 'subsample': 0.8, 'n_genes': 3000}",0.765268758989867,0.990366180222148
"AAML1031",21,"{'class_weight': True, 'colsample_bytree': 0.8, 'gamma': 0, 'learning_rate': 0.05, 'max_depth': 2, 'min_child_weight': 3, 'n_estimators': 100, 'reg_alpha': 0, 'reg_lambda': 1.0, 'subsample': 0.8, 'n_genes': 5000}",0.5,0.994818652849741
"AAML1031",22,"{'class_weight': True, 'colsample_bytree': 0.8, 'gamma': 0, 'learning_rate': 0.05, 'max_depth': 2, 'min_child_weight': 1, 'n_estimators': 100, 'reg_alpha': 0, 'reg_lambda': 1.0, 'subsample': 0.8, 'n_genes': 3000}",-0.00153374233128833,0.993487664590959
"BEATAML1.0-COHORT",0,"{'class_weight': True, 'colsample_bytree': 0.8, 'gamma': 0.1, 'learning_rate': 0.1, 'max_depth': 2, 'min_child_weight': 3, 'n_estimators': 100, 'reg_alpha': 0, 'reg_lambda': 1.0, 'subsample': 0.8, 'n_genes': 2000}",0.261017475429901,0.82915455695809
"BEATAML1.0-COHORT",1,"{'class_weight': True, 'colsample_bytree': 0.8, 'gamma': 0.1, 'learning_rate': 0.05, 'max_depth': 2, 'min_child_weight': 5, 'n_estimators': 100, 'reg_alpha': 0.1, 'reg_lambda': 1.0, 'subsample': 0.8, 'n_genes': 3000}",0.331227701194651,0.887759041189093
"BEATAML1.0-COHORT",2,"{'class_weight': True, 'colsample_bytree': 0.8, 'gamma': 0, 'learning_rate': 0.05, 'max_depth': 5, 'min_child_weight': 5, 'n_estimators': 100, 'reg_alpha': 0, 'reg_lambda': 1.0, 'subsample': 0.8, 'n_genes': 5000}",0.901061932662076,0.991025233352677
"BEATAML1.0-COHORT",3,"{'class_weight': True, 'colsample_bytree': 0.8, 'gamma': 0, 'learning_rate': 0.1, 'max_depth': 2, 'min_child_weight': 1, 'n_estimators': 200, 'reg_alpha': 0.1, 'reg_lambda': 1.0, 'subsample': 0.8, 'n_genes': 3000}",0.979666718959018,0.995353339997866
"BEATAML1.0-COHORT",4,"{'class_weight': True, 'colsample_bytree': 0.8, 'gamma': 0, 'learning_rate': 0.1, 'max_depth': 5, 'min_child_weight': 1, 'n_estimators': 200, 'reg_alpha': 0, 'reg_lambda': 1.0, 'subsample': 0.8, 'n_genes': 5000}",0.664755823215362,0.994808876915434
"BEATAML1.0-COHORT",5,"{'class_weight': True, 'colsample_bytree': 0.8, 'gamma': 0.1, 'learning_rate': 0.1, 'max_depth': 2, 'min_child_weight': 1, 'n_estimators': 200, 'reg_alpha': 0, 'reg_lambda': 1.0, 'subsample': 0.8, 'n_genes': 5000}",0.927543433783213,0.980160762536538
"BEATAML1.0-COHORT",6,"{'class_weight': True, 'colsample_bytree': 0.8, 'gamma': 0.1, 'learning_rate': 0.1, 'max_depth': 2, 'min_child_weight': 5, 'n_estimators': 200, 'reg_alpha': 0.1, 'reg_lambda': 1.0, 'subsample': 0.8, 'n_genes': 3000}",0.327738882979794,0.953869053226566
"BEATAML1.0-COHORT",7,"{'class_weight': True, 'colsample_bytree': 0.8, 'gamma': 0, 'learning_rate': 0.05, 'max_depth': 3, 'min_child_weight': 1, 'n_estimators': 200, 'reg_alpha': 0.1, 'reg_lambda': 1.0, 'subsample': 0.8, 'n_genes': 5000}",0.956056847828072,0.998163260713163
"BEATAML1.0-COHORT",8,"{'class_weight': True, 'colsample_bytree': 0.8, 'gamma': 0, 'learning_rate': 0.1, 'max_depth': 2, 'min_child_weight': 1, 'n_estimators': 200, 'reg_alpha': 0.1, 'reg_lambda': 1.0, 'subsample': 0.8, 'n_genes': 3000}",0.988939835071786,0.996895329818119
"BEATAML1.0-COHORT",9,"{'class_weight': True, 'colsample_bytree': 0.8, 'gamma': 0.1, 'learning_rate': 0.1, 'max_depth': 3, 'min_child_weight': 1, 'n_estimators': 100, 'reg_alpha': 0, 'reg_lambda': 1.0, 'subsample': 0.8, 'n_genes': 2000}",0.780427344784131,0.975571029341564
"BEATAML1.0-COHORT",10,"{'class_weight': True, 'colsample_bytree': 0.8, 'gamma': 0, 'learning_rate': 0.1, 'max_depth': 3, 'min_child_weight': 5, 'n_estimators': 200, 'reg_alpha': 0, 'reg_lambda': 1.0, 'subsample': 0.8, 'n_genes': 5000}",0.918704924692934,0.988212121212121
"BEATAML1.0-COHORT",12,"{'class_weight': True, 'colsample_bytree': 0.8, 'gamma': 0, 'learning_rate': 0.05, 'max_depth': 5, 'min_child_weight': 5, 'n_estimators': 200, 'reg_alpha': 0, 'reg_lambda': 1.0, 'subsample': 0.8, 'n_genes': 3000}",0.563538568612214,0.99322874809157
"BEATAML1.0-COHORT",13,"{'class_weight': True, 'colsample_bytree': 0.8, 'gamma': 0, 'learning_rate': 0.05, 'max_depth': 2, 'min_child_weight': 1, 'n_estimators': 200, 'reg_alpha': 0, 'reg_lambda': 1.0, 'subsample': 0.8, 'n_genes': 3000}",0.818380983789139,0.997875408093704
"BEATAML1.0-COHORT",14,"{'class_weight': True, 'colsample_bytree': 0.8, 'gamma': 0.1, 'learning_rate': 0.05, 'max_depth': 3, 'min_child_weight': 5, 'n_estimators': 200, 'reg_alpha': 0, 'reg_lambda': 1.0, 'subsample': 0.8, 'n_genes': 5000}",0.795164846818446,0.997742916030523
"BEATAML1.0-COHORT",15,"{'class_weight': True, 'colsample_bytree': 0.8, 'gamma': 0, 'learning_rate': 0.1, 'max_depth': 2, 'min_child_weight': 3, 'n_estimators': 200, 'reg_alpha': 0.1, 'reg_lambda': 1.0, 'subsample': 0.8, 'n_genes': 5000}",0.828380075071939,0.994734588269116
"BEATAML1.0-COHORT",16,"{'class_weight': True, 'colsample_bytree': 0.8, 'gamma': 0, 'learning_rate': 0.05, 'max_depth': 5, 'min_child_weight': 5, 'n_estimators': 200, 'reg_alpha': 0, 'reg_lambda': 1.0, 'subsample': 0.8, 'n_genes': 3000}",0.180299662687493,0.988551621613755
"BEATAML1.0-COHORT",17,"{'class_weight': True, 'colsample_bytree': 0.8, 'gamma': 0.1, 'learning_rate': 0.1, 'max_depth': 2, 'min_child_weight': 1, 'n_estimators': 100, 'reg_alpha': 0.1, 'reg_lambda': 1.0, 'subsample': 0.8, 'n_genes': 3000}",0.308373347970491,0.971090651597617
"BEATAML1.0-COHORT",18,"{'class_weight': True, 'colsample_bytree': 0.8, 'gamma': 0.1, 'learning_rate': 0.05, 'max_depth': 3, 'min_child_weight': 5, 'n_estimators': 200, 'reg_alpha': 0, 'reg_lambda': 1.0, 'subsample': 0.8, 'n_genes': 5000}",0.906353645139307,0.995433710772367
"BEATAML1.0-COHORT",20,"{'class_weight': True, 'colsample_bytree': 0.8, 'gamma': 0.1, 'learning_rate': 0.05, 'max_depth': 5, 'min_child_weight': 5, 'n_estimators': 200, 'reg_alpha': 0, 'reg_lambda': 1.0, 'subsample': 0.8, 'n_genes': 2000}",0.675145800525259,0.984709689925013
"BEATAML1.0-COHORT",21,"{'class_weight': True, 'colsample_bytree': 0.8, 'gamma': 0, 'learning_rate': 0.05, 'max_depth': 3, 'min_child_weight': 3, 'n_estimators': 200, 'reg_alpha': 0, 'reg_lambda': 1.0, 'subsample': 0.8, 'n_genes': 3000}",0.411305134478174,0.994486597710075
"BEATAML1.0-COHORT",22,"{'class_weight': True, 'colsample_bytree': 0.8, 'gamma': 0, 'learning_rate': 0.05, 'max_depth': 2, 'min_child_weight': 1, 'n_estimators': 200, 'reg_alpha': 0, 'reg_lambda': 1.0, 'subsample': 0.8, 'n_genes': 3000}",0.599089989888776,0.994955863808323
"LEUCEGENE",0,"{'class_weight': True, 'colsample_bytree': 0.8, 'gamma': 0.1, 'learning_rate': 0.05, 'max_depth': 2, 'min_child_weight': 1, 'n_estimators': 100, 'reg_alpha': 0, 'reg_lambda': 1.0, 'subsample': 0.8, 'n_genes': 5000}",0.194883390560821,0.831280575347382
"LEUCEGENE",1,"{'class_weight': True, 'colsample_bytree': 0.8, 'gamma': 0, 'learning_rate': 0.05, 'max_depth': 2, 'min_child_weight': 3, 'n_estimators': 100, 'reg_alpha': 0, 'reg_lambda': 1.0, 'subsample': 0.8, 'n_genes': 5000}",0.170685108214511,0.88231641412941
"LEUCEGENE",2,"{'class_weight': True, 'colsample_bytree': 0.8, 'gamma': 0, 'learning_rate': 0.05, 'max_depth': 2, 'min_child_weight': 1, 'n_estimators': 200, 'reg_alpha': 0.1, 'reg_lambda': 1.0, 'subsample': 0.8, 'n_genes': 5000}",0.812432535218745,0.983699423903432
"LEUCEGENE",3,"{'class_weight': True, 'colsample_bytree': 0.8, 'gamma': 0, 'learning_rate': 0.1, 'max_depth': 3, 'min_child_weight': 3, 'n_estimators': 100, 'reg_alpha': 0.1, 'reg_lambda': 1.0, 'subsample': 0.8, 'n_genes': 3000}",0.897777455037076,0.977751753585823
"LEUCEGENE",4,"{'class_weight': True, 'colsample_bytree': 0.8, 'gamma': 0, 'learning_rate': 0.05, 'max_depth': 2, 'min_child_weight': 3, 'n_estimators': 200, 'reg_alpha': 0, 'reg_lambda': 1.0, 'subsample': 0.8, 'n_genes': 3000}",0.72396861276683,0.997525172476293
"LEUCEGENE",5,"{'class_weight': True, 'colsample_bytree': 0.8, 'gamma': 0.1, 'learning_rate': 0.05, 'max_depth': 5, 'min_child_weight': 3, 'n_estimators': 100, 'reg_alpha': 0.1, 'reg_lambda': 1.0, 'subsample': 0.8, 'n_genes': 2000}",0.792772281174171,0.924914611963124
"LEUCEGENE",6,"{'class_weight': True, 'colsample_bytree': 0.8, 'gamma': 0, 'learning_rate': 0.05, 'max_depth': 2, 'min_child_weight': 3, 'n_estimators': 100, 'reg_alpha': 0, 'reg_lambda': 1.0, 'subsample': 0.8, 'n_genes': 5000}",0.254701765155735,0.962026261569923
"LEUCEGENE",7,"{'class_weight': True, 'colsample_bytree': 0.8, 'gamma': 0, 'learning_rate': 0.05, 'max_depth': 2, 'min_child_weight': 1, 'n_estimators': 200, 'reg_alpha': 0.1, 'reg_lambda': 1.0, 'subsample': 0.8, 'n_genes': 5000}",0.874449316368998,0.995353339997866
"LEUCEGENE",8,"{'class_weight': True, 'colsample_bytree': 0.8, 'gamma': 0, 'learning_rate': 0.05, 'max_depth': 5, 'min_child_weight': 3, 'n_estimators': 100, 'reg_alpha': 0.1, 'reg_lambda': 1.0, 'subsample': 0.8, 'n_genes': 3000}",0.899616823581541,0.987855026861438
"LEUCEGENE",9,"{'class_weight': True, 'colsample_bytree': 0.8, 'gamma': 0, 'learning_rate': 0.1, 'max_depth': 5, 'min_child_weight': 1, 'n_estimators': 100, 'reg_alpha': 0, 'reg_lambda': 1.0, 'subsample': 0.8, 'n_genes': 5000}",0.700839749243825,0.970691467933885
"LEUCEGENE",10,"{'class_weight': True, 'colsample_bytree': 0.8, 'gamma': 0, 'learning_rate': 0.1, 'max_depth': 2, 'min_child_weight': 1, 'n_estimators': 100, 'reg_alpha': 0.1, 'reg_lambda': 1.0, 'subsample': 0.8, 'n_genes': 5000}",0.6620467169791,0.951209341117598
"LEUCEGENE",12,"{'class_weight': True, 'colsample_bytree': 0.8, 'gamma': 0, 'learning_rate': 0.05, 'max_depth': 3, 'min_child_weight': 5, 'n_estimators': 200, 'reg_alpha': 0.1, 'reg_lambda': 1.0, 'subsample': 0.8, 'n_genes': 5000}",0.608424346102196,0.994092305949946
"LEUCEGENE",13,"{'class_weight': True, 'colsample_bytree': 0.8, 'gamma': 0, 'learning_rate': 0.05, 'max_depth': 2, 'min_child_weight': 1, 'n_estimators': 200, 'reg_alpha': 0, 'reg_lambda': 1.0, 'subsample': 0.8, 'n_genes': 3000}",0.818380983789139,0.997875408093704
"LEUCEGENE",14,"{'class_weight': True, 'colsample_bytree': 0.8, 'gamma': 0, 'learning_rate': 0.05, 'max_depth': 3, 'min_child_weight': 3, 'n_estimators': 100, 'reg_alpha': 0, 'reg_lambda': 1.0, 'subsample': 0.8, 'n_genes': 2000}",0.786789308403012,0.998190666605684
"LEUCEGENE",15,"{'class_weight': True, 'colsample_bytree': 0.8, 'gamma': 0, 'learning_rate': 0.1, 'max_depth': 3, 'min_child_weight': 5, 'n_estimators': 200, 'reg_alpha': 0, 'reg_lambda': 1.0, 'subsample': 0.8, 'n_genes': 5000}",0.691282582711266,0.990836138245426
"LEUCEGENE",16,"{'class_weight': True, 'colsample_bytree': 0.8, 'gamma': 0.1, 'learning_rate': 0.1, 'max_depth': 3, 'min_child_weight': 5, 'n_estimators': 200, 'reg_alpha': 0, 'reg_lambda': 1.0, 'subsample': 0.8, 'n_genes': 5000}",0.17181353318205,0.988026066914201
"LEUCEGENE",17,"{'class_weight': True, 'colsample_bytree': 0.8, 'gamma': 0, 'learning_rate': 0.1, 'max_depth': 3, 'min_child_weight': 5, 'n_estimators': 200, 'reg_alpha': 0, 'reg_lambda': 1.0, 'subsample': 0.8, 'n_genes': 5000}",0.343846370201615,0.970942671686804
"LEUCEGENE",18,"{'class_weight': True, 'colsample_bytree': 0.8, 'gamma': 0, 'learning_rate': 0.1, 'max_depth': 3, 'min_child_weight': 5, 'n_estimators': 200, 'reg_alpha': 0, 'reg_lambda': 1.0, 'subsample': 0.8, 'n_genes': 5000}",0.863300952577161,0.996445387970429
"LEUCEGENE",20,"{'class_weight': True, 'colsample_bytree': 0.8, 'gamma': 0, 'learning_rate': 0.05, 'max_depth': 5, 'min_child_weight': 1, 'n_estimators': 200, 'reg_alpha': 0, 'reg_lambda': 1.0, 'subsample': 0.8, 'n_genes': 2000}",0.477884850520232,0.9805724758094
"LEUCEGENE",21,"{'class_weight': True, 'colsample_bytree': 0.8, 'gamma': 0, 'learning_rate': 0.05, 'max_depth': 2, 'min_child_weight': 1, 'n_estimators': 100, 'reg_alpha': 0, 'reg_lambda': 1.0, 'subsample': 0.8, 'n_genes': 3000}",0.411305134478174,0.994486597710075
"LEUCEGENE",22,"{'class_weight': True, 'colsample_bytree': 0.8, 'gamma': 0.1, 'learning_rate': 0.1, 'max_depth': 3, 'min_child_weight': 5, 'n_estimators': 100, 'reg_alpha': 0, 'reg_lambda': 1.0, 'subsample': 0.8, 'n_genes': 2000}",0.425603004567614,0.993757817189912
"TCGA-LAML",0,"{'class_weight': True, 'colsample_bytree': 0.8, 'gamma': 0, 'learning_rate': 0.05, 'max_depth': 2, 'min_child_weight': 5, 'n_estimators': 100, 'reg_alpha': 0, 'reg_lambda': 1.0, 'subsample': 0.8, 'n_genes': 2000}",0.173521081736676,0.838600000123884
"TCGA-LAML",1,"{'class_weight': True, 'colsample_bytree': 0.8, 'gamma': 0.1, 'learning_rate': 0.05, 'max_depth': 2, 'min_child_weight': 3, 'n_estimators': 200, 'reg_alpha': 0, 'reg_lambda': 1.0, 'subsample': 0.8, 'n_genes': 5000}",0.292818910456178,0.893384671451886
"TCGA-LAML",2,"{'class_weight': True, 'colsample_bytree': 0.8, 'gamma': 0, 'learning_rate': 0.05, 'max_depth': 5, 'min_child_weight': 1, 'n_estimators': 200, 'reg_alpha': 0, 'reg_lambda': 1.0, 'subsample': 0.8, 'n_genes': 3000}",0.79365089718761,0.984541527155371
"TCGA-LAML",3,"{'class_weight': True, 'colsample_bytree': 0.8, 'gamma': 0, 'learning_rate': 0.1, 'max_depth': 2, 'min_child_weight': 3, 'n_estimators': 200, 'reg_alpha': 0.1, 'reg_lambda': 1.0, 'subsample': 0.8, 'n_genes': 5000}",0.896296214181953,0.977617744615899
"TCGA-LAML",4,"{'class_weight': True, 'colsample_bytree': 0.8, 'gamma': 0, 'learning_rate': 0.05, 'max_depth': 2, 'min_child_weight': 3, 'n_estimators': 100, 'reg_alpha': 0, 'reg_lambda': 1.0, 'subsample': 0.8, 'n_genes': 5000}",0.69120951281043,0.996289698470177
"TCGA-LAML",5,"{'class_weight': True, 'colsample_bytree': 0.8, 'gamma': 0, 'learning_rate': 0.05, 'max_depth': 5, 'min_child_weight': 5, 'n_estimators': 200, 'reg_alpha': 0.1, 'reg_lambda': 1.0, 'subsample': 0.8, 'n_genes': 3000}",0.773954928460153,0.922266612821306
"TCGA-LAML",6,"{'class_weight': True, 'colsample_bytree': 0.8, 'gamma': 0.1, 'learning_rate': 0.05, 'max_depth': 2, 'min_child_weight': 5, 'n_estimators': 100, 'reg_alpha': 0.1, 'reg_lambda': 1.0, 'subsample': 0.8, 'n_genes': 3000}",0.272759061973341,0.929965510502659
"TCGA-LAML",7,"{'class_weight': True, 'colsample_bytree': 0.8, 'gamma': 0, 'learning_rate': 0.1, 'max_depth': 2, 'min_child_weight': 1, 'n_estimators': 200, 'reg_alpha': 0.1, 'reg_lambda': 1.0, 'subsample': 0.8, 'n_genes': 3000}",0.946430610357854,0.997742916030523
"TCGA-LAML",8,"{'class_weight': True, 'colsample_bytree': 0.8, 'gamma': 0.1, 'learning_rate': 0.1, 'max_depth': 2, 'min_child_weight': 1, 'n_estimators': 200, 'reg_alpha': 0, 'reg_lambda': 1.0, 'subsample': 0.8, 'n_genes': 5000}",0.900652310317791,0.988170285373418
"TCGA-LAML",9,"{'class_weight': True, 'colsample_bytree': 0.8, 'gamma': 0, 'learning_rate': 0.1, 'max_depth': 2, 'min_child_weight': 1, 'n_estimators': 200, 'reg_alpha': 0.1, 'reg_lambda': 1.0, 'subsample': 0.8, 'n_genes': 3000}",0.7260306735626,0.970353539030683
"TCGA-LAML",10,"{'class_weight': True, 'colsample_bytree': 0.8, 'gamma': 0, 'learning_rate': 0.05, 'max_depth': 2, 'min_child_weight': 1, 'n_estimators': 200, 'reg_alpha': 0, 'reg_lambda': 1.0, 'subsample': 0.8, 'n_genes': 3000}",0.797674939777852,0.97114373088685
"TCGA-LAML",12,"{'class_weight': True, 'colsample_bytree': 0.8, 'gamma': 0, 'learning_rate': 0.05, 'max_depth': 2, 'min_child_weight': 3, 'n_estimators': 200, 'reg_alpha': 0, 'reg_lambda': 1.0, 'subsample': 0.8, 'n_genes': 3000}",0.554242773784609,0.993859265115529
"TCGA-LAML",13,"{'class_weight': True, 'colsample_bytree': 0.8, 'gamma': 0, 'learning_rate': 0.05, 'max_depth': 2, 'min_child_weight': 1, 'n_estimators': 100, 'reg_alpha': 0, 'reg_lambda': 1.0, 'subsample': 0.8, 'n_genes': 3000}",0.818380983789139,0.997875408093704
"TCGA-LAML",14,"{'class_weight': True, 'colsample_bytree': 0.8, 'gamma': 0, 'learning_rate': 0.05, 'max_depth': 5, 'min_child_weight': 1, 'n_estimators': 100, 'reg_alpha': 0, 'reg_lambda': 1.0, 'subsample': 0.8, 'n_genes': 5000}",0.73970444184403,0.997742916030523
"TCGA-LAML",15,"{'class_weight': True, 'colsample_bytree': 0.8, 'gamma': 0, 'learning_rate': 0.05, 'max_depth': 5, 'min_child_weight': 5, 'n_estimators': 200, 'reg_alpha': 0.1, 'reg_lambda': 1.0, 'subsample': 0.8, 'n_genes': 5000}",0.628582575014926,0.990350721120815
"TCGA-LAML",16,"{'class_weight': True, 'colsample_bytree': 0.8, 'gamma': 0.1, 'learning_rate': 0.1, 'max_depth': 5, 'min_child_weight': 5, 'n_estimators': 100, 'reg_alpha': 0, 'reg_lambda': 1.0, 'subsample': 0.8, 'n_genes': 5000}",0.220552899641225,0.986264698088702
"TCGA-LAML",17,"{'class_weight': True, 'colsample_bytree': 0.8, 'gamma': 0.1, 'learning_rate': 0.1, 'max_depth': 2, 'min_child_weight': 3, 'n_estimators': 100, 'reg_alpha': 0, 'reg_lambda': 1.0, 'subsample': 0.8, 'n_genes': 2000}",0.472441493666975,0.9660734306614
"TCGA-LAML",18,"{'class_weight': True, 'colsample_bytree': 0.8, 'gamma': 0, 'learning_rate': 0.05, 'max_depth': 2, 'min_child_weight': 1, 'n_estimators': 200, 'reg_alpha': 0.1, 'reg_lambda': 1.0, 'subsample': 0.8, 'n_genes': 5000}",0.808806624711278,0.994122057969362
"TCGA-LAML",20,"{'class_weight': True, 'colsample_bytree': 0.8, 'gamma': 0, 'learning_rate': 0.1, 'max_depth': 2, 'min_child_weight': 1, 'n_estimators': 200, 'reg_alpha': 0.1, 'reg_lambda': 1.0, 'subsample': 0.8, 'n_genes': 3000}",0.502858812615431,0.981552554084985
"TCGA-LAML",21,"{'class_weight': True, 'colsample_bytree': 0.8, 'gamma': 0.1, 'learning_rate': 0.1, 'max_depth': 2, 'min_child_weight': 5, 'n_estimators': 100, 'reg_alpha': 0.1, 'reg_lambda': 1.0, 'subsample': 0.8, 'n_genes': 2000}",0.516162871442242,0.994421176660198
"TCGA-LAML",22,"{'class_weight': True, 'colsample_bytree': 0.8, 'gamma': 0, 'learning_rate': 0.05, 'max_depth': 5, 'min_child_weight': 5, 'n_estimators': 100, 'reg_alpha': 0, 'reg_lambda': 1.0, 'subsample': 0.8, 'n_genes': 5000}",0.374929754963222,0.993447096077356
