"outer_fold","class","params","mean_kappa","mean_acc"
0,0,"{'class_weight': True, 'colsample_bytree': 0.8, 'gamma': 0.1, 'learning_rate': 0.05, 'max_depth': 3, 'min_child_weight': 5, 'n_estimators': 200, 'reg_alpha': 0, 'reg_lambda': 1.0, 'subsample': 0.8, 'n_genes': 2000}",0.551433827446731,0.904204223538501
0,1,"{'class_weight': True, 'colsample_bytree': 0.8, 'gamma': 0, 'learning_rate': 0.1, 'max_depth': 5, 'min_child_weight': 5, 'n_estimators': 100, 'reg_alpha': 0.1, 'reg_lambda': 1.0, 'subsample': 0.8, 'n_genes': 5000}",0.578305356142875,0.955786440896214
0,2,"{'class_weight': True, 'colsample_bytree': 0.8, 'gamma': 0, 'learning_rate': 0.05, 'max_depth': 2, 'min_child_weight': 1, 'n_estimators': 100, 'reg_alpha': 0.1, 'reg_lambda': 1.0, 'subsample': 0.8, 'n_genes': 5000}",0.914238673787275,0.990358614473345
0,3,"{'class_weight': True, 'colsample_bytree': 0.8, 'gamma': 0.1, 'learning_rate': 0.1, 'max_depth': 5, 'min_child_weight': 5, 'n_estimators': 100, 'reg_alpha': 0.1, 'reg_lambda': 1.0, 'subsample': 0.8, 'n_genes': 2000}",0.935014528478159,0.98582281740922
0,4,"{'class_weight': True, 'colsample_bytree': 0.8, 'gamma': 0, 'learning_rate': 0.1, 'max_depth': 5, 'min_child_weight': 3, 'n_estimators': 200, 'reg_alpha': 0.1, 'reg_lambda': 1.0, 'subsample': 0.8, 'n_genes': 2000}",0.625128306475373,0.996598956992017
0,5,"{'class_weight': True, 'colsample_bytree': 0.8, 'gamma': 0, 'learning_rate': 0.1, 'max_depth': 3, 'min_child_weight': 5, 'n_estimators': 200, 'reg_alpha': 0, 'reg_lambda': 1.0, 'subsample': 0.8, 'n_genes': 5000}",0.857946464638774,0.95521503991759
0,6,"{'class_weight': True, 'colsample_bytree': 0.8, 'gamma': 0, 'learning_rate': 0.1, 'max_depth': 2, 'min_child_weight': 3, 'n_estimators': 200, 'reg_alpha': 0.1, 'reg_lambda': 1.0, 'subsample': 0.8, 'n_genes': 5000}",0.604089250018405,0.975627736286377
0,7,"{'class_weight': True, 'colsample_bytree': 0.8, 'gamma': 0, 'learning_rate': 0.05, 'max_depth': 2, 'min_child_weight': 1, 'n_estimators': 100, 'reg_alpha': 0.1, 'reg_lambda': 1.0, 'subsample': 0.8, 'n_genes': 5000}",0.908490384333934,0.997733711048159
0,8,"{'class_weight': True, 'colsample_bytree': 0.8, 'gamma': 0, 'learning_rate': 0.05, 'max_depth': 5, 'min_child_weight': 1, 'n_estimators': 200, 'reg_alpha': 0, 'reg_lambda': 1.0, 'subsample': 0.8, 'n_genes': 2000}",0.959195345304439,0.990933234612413
0,9,"{'class_weight': True, 'colsample_bytree': 0.8, 'gamma': 0, 'learning_rate': 0.1, 'max_depth': 5, 'min_child_weight': 3, 'n_estimators': 200, 'reg_alpha': 0.1, 'reg_lambda': 1.0, 'subsample': 0.8, 'n_genes': 2000}",0.771275778018578,0.970517319083183
0,10,"{'class_weight': True, 'colsample_bytree': 0.8, 'gamma': 0, 'learning_rate': 0.1, 'max_depth': 2, 'min_child_weight': 1, 'n_estimators': 200, 'reg_alpha': 0, 'reg_lambda': 1.0, 'subsample': 0.8, 'n_genes': 2000}",0.842248529514126,0.990931625032192
0,11,"{'class_weight': True, 'colsample_bytree': 0.8, 'gamma': 0.1, 'learning_rate': 0.1, 'max_depth': 5, 'min_child_weight': 5, 'n_estimators': 200, 'reg_alpha': 0, 'reg_lambda': 1.0, 'subsample': 0.8, 'n_genes': 2000}",0.649105023318853,0.993196304403812
0,12,"{'class_weight': True, 'colsample_bytree': 0.8, 'gamma': 0, 'learning_rate': 0.05, 'max_depth': 2, 'min_child_weight': 3, 'n_estimators': 100, 'reg_alpha': 0, 'reg_lambda': 1.0, 'subsample': 0.8, 'n_genes': 2000}",0.625126864852105,0.996595737831574
0,13,"{'class_weight': True, 'colsample_bytree': 0.8, 'gamma': 0, 'learning_rate': 0.05, 'max_depth': 2, 'min_child_weight': 5, 'n_estimators': 200, 'reg_alpha': 0, 'reg_lambda': 1.0, 'subsample': 0.8, 'n_genes': 2000}",1,1
0,14,"{'class_weight': True, 'colsample_bytree': 0.8, 'gamma': 0, 'learning_rate': 0.05, 'max_depth': 3, 'min_child_weight': 5, 'n_estimators': 200, 'reg_alpha': 0, 'reg_lambda': 1.0, 'subsample': 0.8, 'n_genes': 3000}",0.692238570587309,0.997733711048159
0,15,"{'class_weight': True, 'colsample_bytree': 0.8, 'gamma': 0, 'learning_rate': 0.1, 'max_depth': 2, 'min_child_weight': 5, 'n_estimators': 100, 'reg_alpha': 0, 'reg_lambda': 1.0, 'subsample': 0.8, 'n_genes': 3000}",0.737299631389701,0.990933234612413
0,16,"{'class_weight': True, 'colsample_bytree': 0.8, 'gamma': 0, 'learning_rate': 0.05, 'max_depth': 2, 'min_child_weight': 3, 'n_estimators': 200, 'reg_alpha': 0, 'reg_lambda': 1.0, 'subsample': 0.8, 'n_genes': 3000}",0.512796358955463,0.992631341746073
0,17,"{'class_weight': True, 'colsample_bytree': 0.8, 'gamma': 0.1, 'learning_rate': 0.05, 'max_depth': 5, 'min_child_weight': 5, 'n_estimators': 200, 'reg_alpha': 0.1, 'reg_lambda': 1.0, 'subsample': 0.8, 'n_genes': 2000}",0.619703255796082,0.979023950553696
0,18,"{'class_weight': True, 'colsample_bytree': 0.8, 'gamma': 0.1, 'learning_rate': 0.1, 'max_depth': 2, 'min_child_weight': 5, 'n_estimators': 100, 'reg_alpha': 0, 'reg_lambda': 1.0, 'subsample': 0.8, 'n_genes': 5000}",0.836844794607824,0.993193085243369
0,19,"{'class_weight': True, 'colsample_bytree': 0.8, 'gamma': 0, 'learning_rate': 0.05, 'max_depth': 3, 'min_child_weight': 1, 'n_estimators': 100, 'reg_alpha': 0.1, 'reg_lambda': 1.0, 'subsample': 0.8, 'n_genes': 3000}",0.545613192235279,0.996029165593613
0,20,"{'class_weight': True, 'colsample_bytree': 0.8, 'gamma': 0, 'learning_rate': 0.1, 'max_depth': 3, 'min_child_weight': 5, 'n_estimators': 200, 'reg_alpha': 0, 'reg_lambda': 1.0, 'subsample': 0.8, 'n_genes': 3000}",0.785992306421471,0.992064769508112
0,21,"{'class_weight': True, 'colsample_bytree': 0.8, 'gamma': 0, 'learning_rate': 0.1, 'max_depth': 2, 'min_child_weight': 1, 'n_estimators': 100, 'reg_alpha': 0, 'reg_lambda': 1.0, 'subsample': 0.8, 'n_genes': 5000}",0.399240985349504,0.997165529229977
0,22,"{'class_weight': True, 'colsample_bytree': 0.8, 'gamma': 0, 'learning_rate': 0.05, 'max_depth': 3, 'min_child_weight': 3, 'n_estimators': 200, 'reg_alpha': 0.1, 'reg_lambda': 1.0, 'subsample': 0.8, 'n_genes': 5000}",0.659156383115311,0.996600566572238
1,0,"{'class_weight': True, 'colsample_bytree': 0.8, 'gamma': 0.1, 'learning_rate': 0.1, 'max_depth': 3, 'min_child_weight': 5, 'n_estimators': 200, 'reg_alpha': 0.1, 'reg_lambda': 1.0, 'subsample': 0.8, 'n_genes': 5000}",0.512517520535485,0.907082152974504
1,1,"{'class_weight': True, 'colsample_bytree': 0.8, 'gamma': 0.1, 'learning_rate': 0.1, 'max_depth': 5, 'min_child_weight': 3, 'n_estimators': 100, 'reg_alpha': 0, 'reg_lambda': 1.0, 'subsample': 0.8, 'n_genes': 5000}",0.571590777173127,0.955240793201133
1,2,"{'class_weight': True, 'colsample_bytree': 0.8, 'gamma': 0, 'learning_rate': 0.05, 'max_depth': 3, 'min_child_weight': 5, 'n_estimators': 200, 'reg_alpha': 0, 'reg_lambda': 1.0, 'subsample': 0.8, 'n_genes': 5000}",0.88738083579546,0.987535410764873
1,3,"{'class_weight': True, 'colsample_bytree': 0.8, 'gamma': 0, 'learning_rate': 0.1, 'max_depth': 3, 'min_child_weight': 1, 'n_estimators': 200, 'reg_alpha': 0, 'reg_lambda': 1.0, 'subsample': 0.8, 'n_genes': 2000}",0.9267248607111,0.98413597733711
1,4,"{'class_weight': True, 'colsample_bytree': 0.8, 'gamma': 0, 'learning_rate': 0.1, 'max_depth': 2, 'min_child_weight': 5, 'n_estimators': 200, 'reg_alpha': 0, 'reg_lambda': 1.0, 'subsample': 0.8, 'n_genes': 5000}",0.641416402631386,0.995467422096317
1,5,"{'class_weight': True, 'colsample_bytree': 0.8, 'gamma': 0, 'learning_rate': 0.05, 'max_depth': 3, 'min_child_weight': 5, 'n_estimators': 200, 'reg_alpha': 0, 'reg_lambda': 1.0, 'subsample': 0.8, 'n_genes': 5000}",0.863300862601105,0.957507082152974
1,6,"{'class_weight': True, 'colsample_bytree': 0.8, 'gamma': 0, 'learning_rate': 0.1, 'max_depth': 5, 'min_child_weight': 5, 'n_estimators': 200, 'reg_alpha': 0, 'reg_lambda': 1.0, 'subsample': 0.8, 'n_genes': 5000}",0.599771744102005,0.975637393767705
1,7,"{'class_weight': True, 'colsample_bytree': 0.8, 'gamma': 0, 'learning_rate': 0.05, 'max_depth': 2, 'min_child_weight': 3, 'n_estimators': 200, 'reg_alpha': 0.1, 'reg_lambda': 1.0, 'subsample': 0.8, 'n_genes': 5000}",0.930995962912193,0.998300283286119
1,8,"{'class_weight': True, 'colsample_bytree': 0.8, 'gamma': 0, 'learning_rate': 0.05, 'max_depth': 3, 'min_child_weight': 3, 'n_estimators': 200, 'reg_alpha': 0, 'reg_lambda': 1.0, 'subsample': 0.8, 'n_genes': 2000}",0.964283001675308,0.992067988668555
1,9,"{'class_weight': True, 'colsample_bytree': 0.8, 'gamma': 0, 'learning_rate': 0.1, 'max_depth': 3, 'min_child_weight': 1, 'n_estimators': 200, 'reg_alpha': 0, 'reg_lambda': 1.0, 'subsample': 0.8, 'n_genes': 2000}",0.755827612821542,0.968271954674221
1,10,"{'class_weight': True, 'colsample_bytree': 0.8, 'gamma': 0.1, 'learning_rate': 0.1, 'max_depth': 5, 'min_child_weight': 5, 'n_estimators': 200, 'reg_alpha': 0, 'reg_lambda': 1.0, 'subsample': 0.8, 'n_genes': 2000}",0.854070358178072,0.991501416430595
1,11,"{'class_weight': True, 'colsample_bytree': 0.8, 'gamma': 0.1, 'learning_rate': 0.1, 'max_depth': 3, 'min_child_weight': 1, 'n_estimators': 200, 'reg_alpha': 0, 'reg_lambda': 1.0, 'subsample': 0.8, 'n_genes': 2000}",0.621637810609624,0.994334277620397
1,12,"{'class_weight': True, 'colsample_bytree': 0.8, 'gamma': 0, 'learning_rate': 0.05, 'max_depth': 2, 'min_child_weight': 3, 'n_estimators': 100, 'reg_alpha': 0.1, 'reg_lambda': 1.0, 'subsample': 0.8, 'n_genes': 5000}",0.571227009621961,0.995467422096317
1,13,"{'class_weight': True, 'colsample_bytree': 0.8, 'gamma': 0, 'learning_rate': 0.1, 'max_depth': 3, 'min_child_weight': 5, 'n_estimators': 200, 'reg_alpha': 0, 'reg_lambda': 1.0, 'subsample': 0.8, 'n_genes': 2000}",1,1
1,14,"{'class_weight': True, 'colsample_bytree': 0.8, 'gamma': 0, 'learning_rate': 0.05, 'max_depth': 3, 'min_child_weight': 5, 'n_estimators': 200, 'reg_alpha': 0, 'reg_lambda': 1.0, 'subsample': 0.8, 'n_genes': 3000}",0.666350710900474,0.998583569405099
1,15,"{'class_weight': True, 'colsample_bytree': 0.8, 'gamma': 0.1, 'learning_rate': 0.05, 'max_depth': 2, 'min_child_weight': 5, 'n_estimators': 100, 'reg_alpha': 0, 'reg_lambda': 1.0, 'subsample': 0.8, 'n_genes': 3000}",0.653757733825014,0.989801699716714
1,16,"{'class_weight': True, 'colsample_bytree': 0.8, 'gamma': 0, 'learning_rate': 0.1, 'max_depth': 5, 'min_child_weight': 3, 'n_estimators': 200, 'reg_alpha': 0, 'reg_lambda': 1.0, 'subsample': 0.8, 'n_genes': 5000}",0.541589983804846,0.992067988668555
1,17,"{'class_weight': True, 'colsample_bytree': 0.8, 'gamma': 0, 'learning_rate': 0.1, 'max_depth': 5, 'min_child_weight': 3, 'n_estimators': 200, 'reg_alpha': 0, 'reg_lambda': 1.0, 'subsample': 0.8, 'n_genes': 5000}",0.701966272358297,0.985269121813031
1,18,"{'class_weight': True, 'colsample_bytree': 0.8, 'gamma': 0, 'learning_rate': 0.1, 'max_depth': 2, 'min_child_weight': 3, 'n_estimators': 200, 'reg_alpha': 0.1, 'reg_lambda': 1.0, 'subsample': 0.8, 'n_genes': 5000}",0.846187834669286,0.993767705382436
1,19,"{'class_weight': True, 'colsample_bytree': 0.8, 'gamma': 0, 'learning_rate': 0.1, 'max_depth': 2, 'min_child_weight': 5, 'n_estimators': 200, 'reg_alpha': 0, 'reg_lambda': 1.0, 'subsample': 0.8, 'n_genes': 5000}",0.597363247374289,0.994334277620397
1,20,"{'class_weight': True, 'colsample_bytree': 0.8, 'gamma': 0, 'learning_rate': 0.05, 'max_depth': 3, 'min_child_weight': 1, 'n_estimators': 200, 'reg_alpha': 0, 'reg_lambda': 1.0, 'subsample': 0.8, 'n_genes': 3000}",0.786495790742169,0.990368271954674
1,21,"{'class_weight': True, 'colsample_bytree': 0.8, 'gamma': 0, 'learning_rate': 0.05, 'max_depth': 2, 'min_child_weight': 3, 'n_estimators': 100, 'reg_alpha': 0.1, 'reg_lambda': 1.0, 'subsample': 0.8, 'n_genes': 5000}",0.345614751555727,0.994900849858357
1,22,"{'class_weight': True, 'colsample_bytree': 0.8, 'gamma': 0, 'learning_rate': 0.1, 'max_depth': 5, 'min_child_weight': 3, 'n_estimators': 200, 'reg_alpha': 0, 'reg_lambda': 1.0, 'subsample': 0.8, 'n_genes': 5000}",0.779026871582963,0.997167138810198
2,0,"{'class_weight': True, 'colsample_bytree': 0.8, 'gamma': 0, 'learning_rate': 0.1, 'max_depth': 3, 'min_child_weight': 1, 'n_estimators': 200, 'reg_alpha': 0, 'reg_lambda': 1.0, 'subsample': 0.8, 'n_genes': 3000}",0.508084706871903,0.909915014164306
2,1,"{'class_weight': True, 'colsample_bytree': 0.8, 'gamma': 0.1, 'learning_rate': 0.1, 'max_depth': 2, 'min_child_weight': 3, 'n_estimators': 200, 'reg_alpha': 0.1, 'reg_lambda': 1.0, 'subsample': 0.8, 'n_genes': 3000}",0.577165818247012,0.953541076487252
2,2,"{'class_weight': True, 'colsample_bytree': 0.8, 'gamma': 0, 'learning_rate': 0.1, 'max_depth': 2, 'min_child_weight': 1, 'n_estimators': 100, 'reg_alpha': 0, 'reg_lambda': 1.0, 'subsample': 0.8, 'n_genes': 5000}",0.911609409103683,0.990368271954674
2,3,"{'class_weight': True, 'colsample_bytree': 0.8, 'gamma': 0, 'learning_rate': 0.1, 'max_depth': 2, 'min_child_weight': 1, 'n_estimators': 200, 'reg_alpha': 0, 'reg_lambda': 1.0, 'subsample': 0.8, 'n_genes': 2000}",0.923568754495613,0.98356940509915
2,4,"{'class_weight': True, 'colsample_bytree': 0.8, 'gamma': 0, 'learning_rate': 0.05, 'max_depth': 2, 'min_child_weight': 1, 'n_estimators': 200, 'reg_alpha': 0.1, 'reg_lambda': 1.0, 'subsample': 0.8, 'n_genes': 2000}",0.863955097317628,0.998300283286119
2,5,"{'class_weight': True, 'colsample_bytree': 0.8, 'gamma': 0, 'learning_rate': 0.1, 'max_depth': 5, 'min_child_weight': 1, 'n_estimators': 100, 'reg_alpha': 0, 'reg_lambda': 1.0, 'subsample': 0.8, 'n_genes': 5000}",0.858848561952799,0.956373937677054
2,6,"{'class_weight': True, 'colsample_bytree': 0.8, 'gamma': 0, 'learning_rate': 0.05, 'max_depth': 2, 'min_child_weight': 5, 'n_estimators': 200, 'reg_alpha': 0, 'reg_lambda': 1.0, 'subsample': 0.8, 'n_genes': 5000}",0.619468688059463,0.975070821529745
2,7,"{'class_weight': True, 'colsample_bytree': 0.8, 'gamma': 0, 'learning_rate': 0.1, 'max_depth': 3, 'min_child_weight': 1, 'n_estimators': 200, 'reg_alpha': 0, 'reg_lambda': 1.0, 'subsample': 0.8, 'n_genes': 5000}",0.959027249044027,0.998866855524079
2,8,"{'class_weight': True, 'colsample_bytree': 0.8, 'gamma': 0.1, 'learning_rate': 0.1, 'max_depth': 5, 'min_child_weight': 1, 'n_estimators': 100, 'reg_alpha': 0.1, 'reg_lambda': 1.0, 'subsample': 0.8, 'n_genes': 2000}",0.964517603083137,0.992067988668555
2,9,"{'class_weight': True, 'colsample_bytree': 0.8, 'gamma': 0, 'learning_rate': 0.1, 'max_depth': 5, 'min_child_weight': 3, 'n_estimators': 200, 'reg_alpha': 0.1, 'reg_lambda': 1.0, 'subsample': 0.8, 'n_genes': 2000}",0.788854981885551,0.972804532577904
2,10,"{'class_weight': True, 'colsample_bytree': 0.8, 'gamma': 0, 'learning_rate': 0.05, 'max_depth': 2, 'min_child_weight': 3, 'n_estimators': 200, 'reg_alpha': 0.1, 'reg_lambda': 1.0, 'subsample': 0.8, 'n_genes': 5000}",0.84871061307378,0.990934844192635
2,11,"{'class_weight': True, 'colsample_bytree': 0.8, 'gamma': 0, 'learning_rate': 0.05, 'max_depth': 2, 'min_child_weight': 5, 'n_estimators': 100, 'reg_alpha': 0, 'reg_lambda': 1.0, 'subsample': 0.8, 'n_genes': 2000}",0.75145181226365,0.996033994334278
2,12,"{'class_weight': True, 'colsample_bytree': 0.8, 'gamma': 0, 'learning_rate': 0.1, 'max_depth': 3, 'min_child_weight': 5, 'n_estimators': 200, 'reg_alpha': 0, 'reg_lambda': 1.0, 'subsample': 0.8, 'n_genes': 5000}",0.772885732462775,0.996600566572238
2,13,"{'class_weight': True, 'colsample_bytree': 0.8, 'gamma': 0, 'learning_rate': 0.05, 'max_depth': 5, 'min_child_weight': 5, 'n_estimators': 200, 'reg_alpha': 0.1, 'reg_lambda': 1.0, 'subsample': 0.8, 'n_genes': 2000}",0.838904734740445,0.997733711048159
2,14,"{'class_weight': True, 'colsample_bytree': 0.8, 'gamma': 0, 'learning_rate': 0.05, 'max_depth': 2, 'min_child_weight': 3, 'n_estimators': 100, 'reg_alpha': 0, 'reg_lambda': 1.0, 'subsample': 0.8, 'n_genes': 2000}",0.692238570587309,0.997733711048159
2,15,"{'class_weight': True, 'colsample_bytree': 0.8, 'gamma': 0, 'learning_rate': 0.1, 'max_depth': 2, 'min_child_weight': 1, 'n_estimators': 100, 'reg_alpha': 0.1, 'reg_lambda': 1.0, 'subsample': 0.8, 'n_genes': 5000}",0.688716848901429,0.990368271954674
2,16,"{'class_weight': True, 'colsample_bytree': 0.8, 'gamma': 0.1, 'learning_rate': 0.1, 'max_depth': 2, 'min_child_weight': 1, 'n_estimators': 200, 'reg_alpha': 0.1, 'reg_lambda': 1.0, 'subsample': 0.8, 'n_genes': 5000}",0.491684378559593,0.990934844192635
2,17,"{'class_weight': True, 'colsample_bytree': 0.8, 'gamma': 0, 'learning_rate': 0.1, 'max_depth': 5, 'min_child_weight': 5, 'n_estimators': 200, 'reg_alpha': 0, 'reg_lambda': 1.0, 'subsample': 0.8, 'n_genes': 5000}",0.669970880073096,0.98300283286119
2,18,"{'class_weight': True, 'colsample_bytree': 0.8, 'gamma': 0, 'learning_rate': 0.1, 'max_depth': 2, 'min_child_weight': 5, 'n_estimators': 200, 'reg_alpha': 0, 'reg_lambda': 1.0, 'subsample': 0.8, 'n_genes': 5000}",0.871700164707886,0.994334277620397
2,19,"{'class_weight': True, 'colsample_bytree': 0.8, 'gamma': 0, 'learning_rate': 0.05, 'max_depth': 3, 'min_child_weight': 5, 'n_estimators': 100, 'reg_alpha': 0, 'reg_lambda': 1.0, 'subsample': 0.8, 'n_genes': 2000}",0.625632632519667,0.996600566572238
2,20,"{'class_weight': True, 'colsample_bytree': 0.8, 'gamma': 0.1, 'learning_rate': 0.1, 'max_depth': 3, 'min_child_weight': 1, 'n_estimators': 200, 'reg_alpha': 0, 'reg_lambda': 1.0, 'subsample': 0.8, 'n_genes': 2000}",0.748173122144032,0.989801699716714
2,21,"{'class_weight': True, 'colsample_bytree': 0.8, 'gamma': 0, 'learning_rate': 0.05, 'max_depth': 3, 'min_child_weight': 5, 'n_estimators': 200, 'reg_alpha': 0, 'reg_lambda': 1.0, 'subsample': 0.8, 'n_genes': 3000}",0.579747428750428,0.996033994334278
2,22,"{'class_weight': True, 'colsample_bytree': 0.8, 'gamma': 0.1, 'learning_rate': 0.1, 'max_depth': 2, 'min_child_weight': 3, 'n_estimators': 200, 'reg_alpha': 0.1, 'reg_lambda': 1.0, 'subsample': 0.8, 'n_genes': 3000}",0.691437670831047,0.996033994334278
3,0,"{'class_weight': True, 'colsample_bytree': 0.8, 'gamma': 0.1, 'learning_rate': 0.1, 'max_depth': 2, 'min_child_weight': 1, 'n_estimators': 200, 'reg_alpha': 0.1, 'reg_lambda': 1.0, 'subsample': 0.8, 'n_genes': 5000}",0.525974717405648,0.90084985835694
3,1,"{'class_weight': True, 'colsample_bytree': 0.8, 'gamma': 0, 'learning_rate': 0.05, 'max_depth': 5, 'min_child_weight': 5, 'n_estimators': 100, 'reg_alpha': 0, 'reg_lambda': 1.0, 'subsample': 0.8, 'n_genes': 3000}",0.558203413809266,0.95070821529745
3,2,"{'class_weight': True, 'colsample_bytree': 0.8, 'gamma': 0, 'learning_rate': 0.1, 'max_depth': 2, 'min_child_weight': 3, 'n_estimators': 200, 'reg_alpha': 0.1, 'reg_lambda': 1.0, 'subsample': 0.8, 'n_genes': 5000}",0.914331992898515,0.990934844192635
3,3,"{'class_weight': True, 'colsample_bytree': 0.8, 'gamma': 0, 'learning_rate': 0.05, 'max_depth': 2, 'min_child_weight': 3, 'n_estimators': 100, 'reg_alpha': 0.1, 'reg_lambda': 1.0, 'subsample': 0.8, 'n_genes': 3000}",0.931873556143297,0.985269121813031
3,4,"{'class_weight': True, 'colsample_bytree': 0.8, 'gamma': 0, 'learning_rate': 0.05, 'max_depth': 2, 'min_child_weight': 3, 'n_estimators': 100, 'reg_alpha': 0.1, 'reg_lambda': 1.0, 'subsample': 0.8, 'n_genes': 5000}",0.89280675240549,0.998866855524079
3,5,"{'class_weight': True, 'colsample_bytree': 0.8, 'gamma': 0.1, 'learning_rate': 0.05, 'max_depth': 5, 'min_child_weight': 1, 'n_estimators': 200, 'reg_alpha': 0, 'reg_lambda': 1.0, 'subsample': 0.8, 'n_genes': 3000}",0.869412578504927,0.959206798866855
3,6,"{'class_weight': True, 'colsample_bytree': 0.8, 'gamma': 0.1, 'learning_rate': 0.1, 'max_depth': 3, 'min_child_weight': 5, 'n_estimators': 200, 'reg_alpha': 0.1, 'reg_lambda': 1.0, 'subsample': 0.8, 'n_genes': 2000}",0.625158939827841,0.976203966005666
3,7,"{'class_weight': True, 'colsample_bytree': 0.8, 'gamma': 0, 'learning_rate': 0.1, 'max_depth': 2, 'min_child_weight': 5, 'n_estimators': 200, 'reg_alpha': 0.1, 'reg_lambda': 1.0, 'subsample': 0.8, 'n_genes': 2000}",0.926131310489145,0.997733711048159
3,8,"{'class_weight': True, 'colsample_bytree': 0.8, 'gamma': 0, 'learning_rate': 0.05, 'max_depth': 5, 'min_child_weight': 1, 'n_estimators': 100, 'reg_alpha': 0.1, 'reg_lambda': 1.0, 'subsample': 0.8, 'n_genes': 2000}",0.964325128811232,0.992067988668555
3,9,"{'class_weight': True, 'colsample_bytree': 0.8, 'gamma': 0.1, 'learning_rate': 0.1, 'max_depth': 3, 'min_child_weight': 1, 'n_estimators': 200, 'reg_alpha': 0, 'reg_lambda': 1.0, 'subsample': 0.8, 'n_genes': 2000}",0.771128487374267,0.971104815864023
3,10,"{'class_weight': True, 'colsample_bytree': 0.8, 'gamma': 0, 'learning_rate': 0.05, 'max_depth': 2, 'min_child_weight': 1, 'n_estimators': 200, 'reg_alpha': 0.1, 'reg_lambda': 1.0, 'subsample': 0.8, 'n_genes': 2000}",0.853091420064443,0.991501416430595
3,11,"{'class_weight': True, 'colsample_bytree': 0.8, 'gamma': 0, 'learning_rate': 0.05, 'max_depth': 2, 'min_child_weight': 1, 'n_estimators': 200, 'reg_alpha': 0.1, 'reg_lambda': 1.0, 'subsample': 0.8, 'n_genes': 2000}",0.729230998607262,0.995467422096317
3,12,"{'class_weight': True, 'colsample_bytree': 0.8, 'gamma': 0.1, 'learning_rate': 0.1, 'max_depth': 3, 'min_child_weight': 5, 'n_estimators': 200, 'reg_alpha': 0, 'reg_lambda': 1.0, 'subsample': 0.8, 'n_genes': 3000}",0.696465865468206,0.996600566572238
3,13,"{'class_weight': True, 'colsample_bytree': 0.8, 'gamma': 0, 'learning_rate': 0.05, 'max_depth': 2, 'min_child_weight': 1, 'n_estimators': 200, 'reg_alpha': 0.1, 'reg_lambda': 1.0, 'subsample': 0.8, 'n_genes': 2000}",0.759726183685111,0.998866855524079
3,14,"{'class_weight': True, 'colsample_bytree': 0.8, 'gamma': 0, 'learning_rate': 0.1, 'max_depth': 3, 'min_child_weight': 1, 'n_estimators': 100, 'reg_alpha': 0.1, 'reg_lambda': 1.0, 'subsample': 0.8, 'n_genes': 5000}",0.707167993635941,0.997167138810198
3,15,"{'class_weight': True, 'colsample_bytree': 0.8, 'gamma': 0.1, 'learning_rate': 0.1, 'max_depth': 5, 'min_child_weight': 5, 'n_estimators': 200, 'reg_alpha': 0.1, 'reg_lambda': 1.0, 'subsample': 0.8, 'n_genes': 3000}",0.713566759314201,0.990934844192635
3,16,"{'class_weight': True, 'colsample_bytree': 0.8, 'gamma': 0.1, 'learning_rate': 0.1, 'max_depth': 3, 'min_child_weight': 1, 'n_estimators': 100, 'reg_alpha': 0.1, 'reg_lambda': 1.0, 'subsample': 0.8, 'n_genes': 3000}",0.507081071522713,0.990934844192635
3,17,"{'class_weight': True, 'colsample_bytree': 0.8, 'gamma': 0, 'learning_rate': 0.05, 'max_depth': 2, 'min_child_weight': 3, 'n_estimators': 200, 'reg_alpha': 0, 'reg_lambda': 1.0, 'subsample': 0.8, 'n_genes': 3000}",0.668161229009265,0.979036827195467
3,18,"{'class_weight': True, 'colsample_bytree': 0.8, 'gamma': 0.1, 'learning_rate': 0.1, 'max_depth': 2, 'min_child_weight': 1, 'n_estimators': 200, 'reg_alpha': 0.1, 'reg_lambda': 1.0, 'subsample': 0.8, 'n_genes': 5000}",0.848895658719744,0.993767705382436
3,19,"{'class_weight': True, 'colsample_bytree': 0.8, 'gamma': 0, 'learning_rate': 0.05, 'max_depth': 2, 'min_child_weight': 3, 'n_estimators': 100, 'reg_alpha': 0.1, 'reg_lambda': 1.0, 'subsample': 0.8, 'n_genes': 3000}",0.62588732112587,0.997167138810198
3,20,"{'class_weight': True, 'colsample_bytree': 0.8, 'gamma': 0, 'learning_rate': 0.1, 'max_depth': 5, 'min_child_weight': 5, 'n_estimators': 100, 'reg_alpha': 0.1, 'reg_lambda': 1.0, 'subsample': 0.8, 'n_genes': 5000}",0.786982137768087,0.990934844192635
3,21,"{'class_weight': True, 'colsample_bytree': 0.8, 'gamma': 0, 'learning_rate': 0.1, 'max_depth': 2, 'min_child_weight': 5, 'n_estimators': 200, 'reg_alpha': 0, 'reg_lambda': 1.0, 'subsample': 0.8, 'n_genes': 5000}",0.498814963629132,0.996600566572238
3,22,"{'class_weight': True, 'colsample_bytree': 0.8, 'gamma': 0.1, 'learning_rate': 0.1, 'max_depth': 3, 'min_child_weight': 5, 'n_estimators': 100, 'reg_alpha': 0, 'reg_lambda': 1.0, 'subsample': 0.8, 'n_genes': 5000}",0.679178551055334,0.997733711048159
4,0,"{'class_weight': True, 'colsample_bytree': 0.8, 'gamma': 0.1, 'learning_rate': 0.05, 'max_depth': 3, 'min_child_weight': 5, 'n_estimators': 200, 'reg_alpha': 0, 'reg_lambda': 1.0, 'subsample': 0.8, 'n_genes': 5000}",0.516011031097981,0.903116147308782
4,1,"{'class_weight': True, 'colsample_bytree': 0.8, 'gamma': 0, 'learning_rate': 0.1, 'max_depth': 3, 'min_child_weight': 1, 'n_estimators': 100, 'reg_alpha': 0.1, 'reg_lambda': 1.0, 'subsample': 0.8, 'n_genes': 5000}",0.573059390508701,0.952974504249292
4,2,"{'class_weight': True, 'colsample_bytree': 0.8, 'gamma': 0, 'learning_rate': 0.05, 'max_depth': 3, 'min_child_weight': 1, 'n_estimators': 100, 'reg_alpha': 0.1, 'reg_lambda': 1.0, 'subsample': 0.8, 'n_genes': 5000}",0.892810513194102,0.988101983002833
4,3,"{'class_weight': True, 'colsample_bytree': 0.8, 'gamma': 0, 'learning_rate': 0.1, 'max_depth': 2, 'min_child_weight': 3, 'n_estimators': 200, 'reg_alpha': 0.1, 'reg_lambda': 1.0, 'subsample': 0.8, 'n_genes': 5000}",0.921290133650807,0.98300283286119
4,4,"{'class_weight': True, 'colsample_bytree': 0.8, 'gamma': 0, 'learning_rate': 0.1, 'max_depth': 3, 'min_child_weight': 1, 'n_estimators': 100, 'reg_alpha': 0.1, 'reg_lambda': 1.0, 'subsample': 0.8, 'n_genes': 5000}",0.66490990573275,0.996033994334278
4,5,"{'class_weight': True, 'colsample_bytree': 0.8, 'gamma': 0, 'learning_rate': 0.1, 'max_depth': 3, 'min_child_weight': 1, 'n_estimators': 200, 'reg_alpha': 0, 'reg_lambda': 1.0, 'subsample': 0.8, 'n_genes': 5000}",0.865452866334727,0.958073654390935
4,6,"{'class_weight': True, 'colsample_bytree': 0.8, 'gamma': 0, 'learning_rate': 0.05, 'max_depth': 2, 'min_child_weight': 3, 'n_estimators': 200, 'reg_alpha': 0.1, 'reg_lambda': 1.0, 'subsample': 0.8, 'n_genes': 5000}",0.5921816936633,0.973371104815864
4,7,"{'class_weight': True, 'colsample_bytree': 0.8, 'gamma': 0.1, 'learning_rate': 0.05, 'max_depth': 3, 'min_child_weight': 5, 'n_estimators': 100, 'reg_alpha': 0.1, 'reg_lambda': 1.0, 'subsample': 0.8, 'n_genes': 5000}",0.961822945284116,0.998866855524079
4,8,"{'class_weight': True, 'colsample_bytree': 0.8, 'gamma': 0.1, 'learning_rate': 0.1, 'max_depth': 5, 'min_child_weight': 5, 'n_estimators': 100, 'reg_alpha': 0.1, 'reg_lambda': 1.0, 'subsample': 0.8, 'n_genes': 2000}",0.956589311648567,0.990368271954674
4,9,"{'class_weight': True, 'colsample_bytree': 0.8, 'gamma': 0.1, 'learning_rate': 0.1, 'max_depth': 3, 'min_child_weight': 1, 'n_estimators': 200, 'reg_alpha': 0, 'reg_lambda': 1.0, 'subsample': 0.8, 'n_genes': 3000}",0.788514864286871,0.972237960339943
4,10,"{'class_weight': True, 'colsample_bytree': 0.8, 'gamma': 0, 'learning_rate': 0.1, 'max_depth': 2, 'min_child_weight': 3, 'n_estimators': 200, 'reg_alpha': 0, 'reg_lambda': 1.0, 'subsample': 0.8, 'n_genes': 2000}",0.860416095985089,0.991501416430595
4,11,"{'class_weight': True, 'colsample_bytree': 0.8, 'gamma': 0, 'learning_rate': 0.05, 'max_depth': 2, 'min_child_weight': 3, 'n_estimators': 100, 'reg_alpha': 0.1, 'reg_lambda': 1.0, 'subsample': 0.8, 'n_genes': 3000}",0.735917088974235,0.995467422096317
4,12,"{'class_weight': True, 'colsample_bytree': 0.8, 'gamma': 0, 'learning_rate': 0.05, 'max_depth': 2, 'min_child_weight': 5, 'n_estimators': 100, 'reg_alpha': 0.1, 'reg_lambda': 1.0, 'subsample': 0.8, 'n_genes': 3000}",0.852214272132127,0.997733711048159
4,13,"{'class_weight': True, 'colsample_bytree': 0.8, 'gamma': 0, 'learning_rate': 0.05, 'max_depth': 2, 'min_child_weight': 5, 'n_estimators': 200, 'reg_alpha': 0, 'reg_lambda': 1.0, 'subsample': 0.8, 'n_genes': 2000}",0.799431818181818,0.998866855524079
4,14,"{'class_weight': True, 'colsample_bytree': 0.8, 'gamma': 0, 'learning_rate': 0.05, 'max_depth': 3, 'min_child_weight': 3, 'n_estimators': 200, 'reg_alpha': 0.1, 'reg_lambda': 1.0, 'subsample': 0.8, 'n_genes': 5000}",0.532322274881517,0.996600566572238
4,15,"{'class_weight': True, 'colsample_bytree': 0.8, 'gamma': 0, 'learning_rate': 0.1, 'max_depth': 2, 'min_child_weight': 3, 'n_estimators': 200, 'reg_alpha': 0.1, 'reg_lambda': 1.0, 'subsample': 0.8, 'n_genes': 5000}",0.812475985702538,0.993767705382436
4,16,"{'class_weight': True, 'colsample_bytree': 0.8, 'gamma': 0, 'learning_rate': 0.05, 'max_depth': 5, 'min_child_weight': 5, 'n_estimators': 100, 'reg_alpha': 0.1, 'reg_lambda': 1.0, 'subsample': 0.8, 'n_genes': 5000}",0.592554873622381,0.993201133144476
4,17,"{'class_weight': True, 'colsample_bytree': 0.8, 'gamma': 0, 'learning_rate': 0.1, 'max_depth': 5, 'min_child_weight': 5, 'n_estimators': 200, 'reg_alpha': 0, 'reg_lambda': 1.0, 'subsample': 0.8, 'n_genes': 5000}",0.627515888402581,0.981303116147309
4,18,"{'class_weight': True, 'colsample_bytree': 0.8, 'gamma': 0, 'learning_rate': 0.05, 'max_depth': 2, 'min_child_weight': 3, 'n_estimators': 200, 'reg_alpha': 0.1, 'reg_lambda': 1.0, 'subsample': 0.8, 'n_genes': 5000}",0.819055374678769,0.992634560906515
4,19,"{'class_weight': True, 'colsample_bytree': 0.8, 'gamma': 0, 'learning_rate': 0.05, 'max_depth': 2, 'min_child_weight': 1, 'n_estimators': 100, 'reg_alpha': 0.1, 'reg_lambda': 1.0, 'subsample': 0.8, 'n_genes': 5000}",0.599241706161137,0.997167138810198
4,20,"{'class_weight': True, 'colsample_bytree': 0.8, 'gamma': 0, 'learning_rate': 0.1, 'max_depth': 2, 'min_child_weight': 1, 'n_estimators': 100, 'reg_alpha': 0, 'reg_lambda': 1.0, 'subsample': 0.8, 'n_genes': 5000}",0.781385066228576,0.990368271954674
4,21,"{'class_weight': True, 'colsample_bytree': 0.8, 'gamma': 0, 'learning_rate': 0.05, 'max_depth': 2, 'min_child_weight': 5, 'n_estimators': 200, 'reg_alpha': 0, 'reg_lambda': 1.0, 'subsample': 0.8, 'n_genes': 2000}",0.631942586332397,0.997167138810198
4,22,"{'class_weight': True, 'colsample_bytree': 0.8, 'gamma': 0, 'learning_rate': 0.05, 'max_depth': 2, 'min_child_weight': 3, 'n_estimators': 200, 'reg_alpha': 0.1, 'reg_lambda': 1.0, 'subsample': 0.8, 'n_genes': 3000}",0.564594793769151,0.995467422096317
